person_age,person_gender,person_education,person_income,income_class,person_emp_exp,person_home_ownership,loan_amnt,loan_intent,loan_int_rate,loan_percent_income,cb_person_cred_hist_length,credit_score,previous_loan_defaults_on_file,loan_status
22,female,Master,71948,middle,0,RENT,35000,PERSONAL,16.02,0.49,3,561,No,1
21,female,High School,12282,lower,0,OWN,1000,EDUCATION,11.14,0.08,2,504,Yes,0
25,female,High School,12438,lower,3,MORTGAGE,5500,MEDICAL,12.87,0.44,3,635,No,1
23,female,Bachelor,79753,middle,0,RENT,35000,MEDICAL,15.23,0.44,2,675,No,1
24,male,Master,66135,middle,1,RENT,35000,MEDICAL,14.27,0.53,4,586,No,1
21,female,High School,12951,lower,0,OWN,2500,VENTURE,7.14,0.19,2,532,No,1
26,female,Bachelor,93471,upper,1,RENT,35000,EDUCATION,12.42,0.37,3,701,No,1
24,female,High School,95550,upper,5,RENT,35000,MEDICAL,11.11,0.37,4,585,No,1
24,female,Associate,100684,upper,3,RENT,35000,PERSONAL,8.9,0.35,2,544,No,1
21,female,High School,12739,lower,0,OWN,1600,VENTURE,14.74,0.13,3,640,No,1
22,female,High School,102985,upper,0,RENT,35000,VENTURE,10.37,0.34,4,621,No,1
21,female,Associate,13113,lower,0,OWN,4500,HOMEIMPROVEMENT,8.63,0.34,2,651,No,1
23,male,Bachelor,114860,upper,3,RENT,35000,VENTURE,7.9,0.3,2,573,No,1
26,male,Master,130713,upper,0,RENT,35000,EDUCATION,18.39,0.27,4,708,No,1
23,female,Associate,138998,upper,0,RENT,35000,EDUCATION,7.9,0.25,4,583,No,0
23,female,Master,600891,upper,5,MORTGAGE,30000,DEBTCONSOLIDATION,10.65,0.05,3,670,Yes,0
23,male,Bachelor,144943,upper,0,RENT,35000,EDUCATION,7.9,0.24,4,663,No,0
23,female,High School,111369,upper,0,RENT,35000,MEDICAL,20.0,0.31,4,694,No,1
23,male,Bachelor,136628,upper,0,RENT,35000,DEBTCONSOLIDATION,18.25,0.26,4,709,No,1
24,female,Master,14283,lower,1,MORTGAGE,1750,EDUCATION,10.99,0.12,2,679,No,1
25,male,Bachelor,195718,upper,0,RENT,35000,VENTURE,7.49,0.18,4,684,Yes,0
25,male,High School,165792,upper,4,RENT,34800,PERSONAL,16.77,0.21,2,662,No,0
22,female,Master,79255,middle,0,RENT,34000,EDUCATION,17.58,0.43,4,691,No,1
24,female,Bachelor,13866,lower,0,OWN,1500,PERSONAL,7.29,0.11,3,600,Yes,0
22,male,Bachelor,97420,upper,1,RENT,33950,PERSONAL,14.54,0.35,4,691,No,1
24,female,High School,82443,middle,0,RENT,33000,HOMEIMPROVEMENT,12.68,0.4,3,654,No,1
21,female,Associate,14288,lower,0,MORTGAGE,4575,VENTURE,17.74,0.32,3,626,No,1
23,male,High School,14293,lower,0,OWN,1400,PERSONAL,9.32,0.1,3,607,No,0
24,female,Bachelor,79054,middle,1,RENT,32500,HOMEIMPROVEMENT,9.99,0.41,3,700,No,1
21,female,Bachelor,14988,lower,0,OTHER,4000,EDUCATION,12.84,0.27,2,553,No,1
21,male,High School,14858,lower,0,OWN,2000,MEDICAL,11.12,0.13,3,589,No,1
25,male,Bachelor,144855,upper,1,RENT,32000,VENTURE,6.62,0.22,2,586,Yes,0
26,male,Bachelor,114645,upper,2,RENT,31050,HOMEIMPROVEMENT,14.17,0.27,3,681,No,1
25,female,High School,368115,upper,3,RENT,24250,DEBTCONSOLIDATION,13.85,0.07,3,567,Yes,0
26,female,Associate,361076,upper,1,MORTGAGE,7800,MEDICAL,13.49,0.02,4,669,No,0
21,male,Associate,15150,lower,0,OWN,2500,EDUCATION,7.51,0.17,4,600,No,1
22,female,Bachelor,58868,middle,0,RENT,30000,EDUCATION,18.39,0.51,2,606,No,1
24,male,High School,78026,middle,3,RENT,30000,DEBTCONSOLIDATION,14.54,0.38,3,582,No,1
25,male,Bachelor,90785,upper,4,RENT,30000,HOMEIMPROVEMENT,16.89,0.33,4,649,No,1
23,female,High School,86811,upper,0,RENT,30000,DEBTCONSOLIDATION,11.01,0.35,4,602,No,1
26,male,Bachelor,75503,middle,5,RENT,30000,MEDICAL,17.99,0.4,2,616,No,1
24,female,High School,15082,lower,0,OWN,2500,VENTURE,12.69,0.17,3,631,No,1
26,male,Bachelor,361293,upper,5,MORTGAGE,20000,VENTURE,7.88,0.06,4,684,Yes,0
23,male,High School,361547,upper,0,OWN,24250,EDUCATION,19.41,0.07,2,637,Yes,0
26,male,Master,360680,upper,5,OWN,10000,HOMEIMPROVEMENT,10.38,0.03,4,649,No,0
26,male,Bachelor,360977,upper,5,MORTGAGE,25000,EDUCATION,15.33,0.07,3,695,Yes,0
25,female,Bachelor,361244,upper,2,MORTGAGE,18000,HOMEIMPROVEMENT,16.45,0.05,3,620,No,0
26,male,Bachelor,98230,upper,2,RENT,30000,PERSONAL,7.49,0.31,3,622,No,1
22,female,High School,80838,middle,0,RENT,30000,MEDICAL,12.69,0.37,3,645,No,1
26,male,Master,107957,upper,2,RENT,30000,DEBTCONSOLIDATION,6.62,0.28,3,654,No,1
24,female,Bachelor,94649,upper,2,RENT,30000,DEBTCONSOLIDATION,11.01,0.32,4,624,No,1
23,male,High School,94550,upper,1,RENT,30000,DEBTCONSOLIDATION,18.62,0.32,3,570,No,1
23,male,Bachelor,111153,upper,3,RENT,30000,PERSONAL,15.23,0.27,3,648,No,1
23,female,Associate,117250,upper,0,RENT,30000,VENTURE,10.65,0.26,2,652,No,1
25,male,Bachelor,144985,upper,3,RENT,30000,EDUCATION,7.9,0.21,4,559,No,0
26,male,High School,337133,upper,7,RENT,10000,PERSONAL,15.96,0.03,3,623,Yes,0
26,male,Associate,333566,upper,2,RENT,20000,VENTURE,11.48,0.06,3,602,Yes,0
23,male,Bachelor,333399,upper,1,OWN,35000,PERSONAL,11.01,0.1,4,609,No,0
25,male,Master,154793,upper,1,RENT,30000,PERSONAL,7.29,0.19,4,573,Yes,0
24,male,Associate,15229,lower,1,OWN,1750,VENTURE,11.01,0.11,3,631,Yes,0
21,female,Bachelor,158338,upper,0,RENT,30000,VENTURE,5.99,0.19,4,623,Yes,0
22,female,Bachelor,331034,upper,0,OWN,12000,VENTURE,11.58,0.04,2,602,Yes,0
26,female,High School,316466,upper,6,MORTGAGE,10000,EDUCATION,11.01,0.03,4,579,No,1
25,female,Associate,267671,upper,0,MORTGAGE,25000,MEDICAL,15.7,0.09,2,582,No,1
22,male,Master,85191,upper,0,RENT,29100,EDUCATION,15.99,0.34,3,700,No,1
22,male,Associate,15013,lower,0,MORTGAGE,1500,EDUCATION,14.84,0.1,3,688,No,0
26,male,Bachelor,313100,upper,3,OWN,28000,HOMEIMPROVEMENT,10.99,0.09,3,607,Yes,0
25,female,Bachelor,311952,upper,0,MORTGAGE,20000,HOMEIMPROVEMENT,14.42,0.06,2,661,Yes,0
24,male,High School,306897,upper,5,MORTGAGE,9600,EDUCATION,6.99,0.03,2,562,Yes,0
25,female,Bachelor,301136,upper,0,RENT,25000,MEDICAL,13.49,0.08,4,664,Yes,0
25,male,High School,15162,lower,1,OWN,3000,MEDICAL,11.01,0.2,3,564,No,1
22,male,Associate,69042,middle,0,RENT,28000,MEDICAL,11.01,0.41,2,598,No,1
21,female,High School,15307,lower,0,OWN,3000,EDUCATION,13.61,0.2,3,557,No,1
23,female,Associate,79183,middle,0,RENT,28000,EDUCATION,7.9,0.35,2,677,No,1
26,male,Bachelor,102654,upper,4,RENT,28000,VENTURE,7.49,0.27,3,690,No,1
26,male,Associate,15229,lower,1,OWN,6100,EDUCATION,7.51,0.4,3,599,No,1
22,male,High School,106566,upper,0,RENT,28000,VENTURE,9.91,0.26,3,604,No,1
21,female,Bachelor,15252,lower,0,OWN,4200,PERSONAL,13.48,0.28,4,663,No,1
22,male,Bachelor,15432,lower,3,OWN,4750,DEBTCONSOLIDATION,7.14,0.31,2,601,No,1
24,male,High School,100332,upper,1,RENT,28000,VENTURE,15.99,0.28,4,634,No,1
24,male,Bachelor,300951,upper,2,RENT,18000,EDUCATION,12.98,0.06,3,671,No,0
144,male,Bachelor,300616,upper,125,RENT,4800,VENTURE,13.57,0.02,3,789,No,0
25,female,Bachelor,121062,upper,1,RENT,28000,DEBTCONSOLIDATION,12.69,0.23,3,622,No,0
26,male,Associate,133372,upper,1,RENT,28000,EDUCATION,8.9,0.21,2,538,Yes,0
26,male,Bachelor,15505,lower,0,OWN,2700,DEBTCONSOLIDATION,11.01,0.17,4,587,No,1
22,male,Master,130852,upper,0,RENT,28000,EDUCATION,11.01,0.21,4,683,No,1
23,male,Associate,182316,upper,0,RENT,28000,DEBTCONSOLIDATION,11.11,0.15,2,634,Yes,0
24,female,Bachelor,83853,middle,3,RENT,27600,HOMEIMPROVEMENT,11.01,0.33,2,690,No,1
21,female,Bachelor,15394,lower,0,MORTGAGE,3250,DEBTCONSOLIDATION,15.68,0.21,3,518,No,1
22,female,Bachelor,85243,upper,0,RENT,27500,EDUCATION,13.06,0.32,3,583,No,1
22,male,Associate,288907,upper,2,OWN,25000,PERSONAL,11.01,0.09,2,617,Yes,0
26,male,Associate,89074,upper,4,RENT,27050,VENTURE,15.62,0.3,2,668,No,1
24,male,Master,100509,upper,2,RENT,27000,PERSONAL,13.49,0.27,2,673,No,1
24,male,High School,88950,upper,3,RENT,27000,VENTURE,11.01,0.3,3,706,No,1
23,female,High School,75894,middle,1,RENT,26000,MEDICAL,11.71,0.34,2,536,No,1
23,male,Associate,145092,upper,0,RENT,25600,EDUCATION,12.69,0.18,3,557,Yes,0
24,female,Bachelor,15928,lower,1,OWN,1600,MEDICAL,13.57,0.1,3,689,Yes,0
22,male,Bachelor,73131,middle,3,RENT,25475,VENTURE,10.99,0.35,3,681,No,1
25,male,Master,281501,upper,4,MORTGAGE,20000,MEDICAL,14.27,0.07,4,623,Yes,0
24,female,Associate,281775,upper,0,OWN,20000,HOMEIMPROVEMENT,8.88,0.07,4,595,Yes,0
26,male,Bachelor,281792,upper,1,MORTGAGE,21600,HOMEIMPROVEMENT,12.18,0.08,3,584,Yes,0
25,male,Bachelor,266090,upper,4,MORTGAGE,11900,DEBTCONSOLIDATION,14.42,0.04,3,669,No,1
26,male,High School,279664,upper,3,MORTGAGE,25000,MEDICAL,14.17,0.09,2,642,Yes,0
25,female,High School,277017,upper,4,MORTGAGE,35000,MEDICAL,13.99,0.13,4,622,Yes,0
23,male,Associate,100756,upper,0,RENT,25300,EDUCATION,10.99,0.25,3,689,No,1
22,male,High School,16218,lower,1,MORTGAGE,2000,PERSONAL,5.42,0.12,4,614,No,1
25,female,Bachelor,16211,lower,2,OWN,1750,PERSONAL,13.61,0.11,3,597,Yes,0
21,female,Bachelor,51922,middle,3,RENT,25000,EDUCATION,12.73,0.48,3,673,No,1
24,male,Associate,50309,middle,3,RENT,25000,HOMEIMPROVEMENT,11.01,0.5,3,625,No,1
25,male,High School,16378,lower,0,OWN,3000,DEBTCONSOLIDATION,12.87,0.18,4,603,No,1
24,male,Bachelor,16572,lower,0,MORTGAGE,3650,HOMEIMPROVEMENT,9.91,0.22,3,589,No,1
26,male,Master,272201,upper,5,MORTGAGE,20000,HOMEIMPROVEMENT,11.49,0.07,4,670,Yes,0
25,female,Bachelor,271324,upper,3,MORTGAGE,30000,HOMEIMPROVEMENT,19.91,0.11,2,637,Yes,0
26,male,Associate,256862,upper,2,MORTGAGE,35000,EDUCATION,10.65,0.14,2,643,No,1
24,male,High School,271342,upper,0,RENT,6000,MEDICAL,11.01,0.02,4,508,Yes,0
24,male,High School,16470,lower,2,MORTGAGE,4500,DEBTCONSOLIDATION,11.83,0.27,4,643,No,1
23,male,High School,16599,lower,0,OWN,2400,DEBTCONSOLIDATION,13.49,0.14,2,505,No,1
22,male,Bachelor,51608,middle,0,RENT,25000,MEDICAL,14.59,0.48,2,593,No,1
26,female,Master,58516,middle,6,RENT,25000,EDUCATION,9.64,0.43,4,686,No,1
25,female,Associate,16395,lower,4,OWN,3600,MEDICAL,14.59,0.22,3,646,No,1
22,female,Bachelor,16890,lower,0,OWN,4750,EDUCATION,11.01,0.28,3,645,No,1
25,female,Associate,51747,middle,3,RENT,25000,EDUCATION,16.35,0.48,3,697,No,1
21,male,High School,59864,middle,0,RENT,25000,EDUCATION,10.99,0.42,2,648,No,1
25,male,Master,270972,upper,1,MORTGAGE,25000,VENTURE,18.67,0.09,2,640,Yes,0
26,male,Bachelor,270870,upper,5,RENT,3000,EDUCATION,9.32,0.01,4,681,No,0
23,female,Associate,270729,upper,0,RENT,7500,DEBTCONSOLIDATION,8.63,0.03,2,646,No,0
26,male,Bachelor,270877,upper,4,MORTGAGE,25000,VENTURE,10.08,0.09,2,615,Yes,0
22,male,Associate,60501,middle,0,RENT,25000,PERSONAL,11.83,0.41,3,687,No,1
23,male,High School,60754,middle,1,RENT,25000,DEBTCONSOLIDATION,7.9,0.41,3,650,No,1
25,male,Bachelor,60829,middle,0,RENT,25000,HOMEIMPROVEMENT,5.99,0.41,2,588,No,1
24,male,Bachelor,53825,middle,2,RENT,25000,DEBTCONSOLIDATION,15.33,0.46,2,652,No,1
23,male,High School,60801,middle,0,RENT,25000,VENTURE,11.83,0.41,4,658,No,1
22,male,High School,60747,middle,0,RENT,25000,VENTURE,10.36,0.41,2,634,No,1
22,female,High School,61029,middle,0,RENT,25000,VENTURE,12.23,0.41,3,623,No,1
22,female,Associate,63236,middle,0,RENT,25000,EDUCATION,11.11,0.4,4,635,No,1
23,female,Bachelor,17149,lower,0,OWN,4950,DEBTCONSOLIDATION,7.9,0.29,4,531,No,1
24,female,Master,265066,upper,4,MORTGAGE,25000,EDUCATION,11.58,0.09,2,665,Yes,0
23,male,Associate,260205,upper,2,MORTGAGE,21000,DEBTCONSOLIDATION,8.9,0.08,3,703,No,0
25,female,Associate,260035,upper,5,MORTGAGE,25000,EDUCATION,16.07,0.1,3,585,Yes,0
26,female,Bachelor,260444,upper,4,MORTGAGE,20000,EDUCATION,14.22,0.08,2,594,No,0
23,male,Bachelor,258980,upper,0,MORTGAGE,35000,MEDICAL,14.79,0.14,3,618,Yes,0
26,male,High School,259081,upper,2,MORTGAGE,12000,EDUCATION,7.88,0.05,2,626,Yes,0
23,male,High School,63497,middle,0,RENT,25000,PERSONAL,13.22,0.39,2,695,No,1
26,female,Doctorate,56325,middle,2,RENT,25000,DEBTCONSOLIDATION,11.86,0.44,4,690,No,1
22,male,Bachelor,64842,middle,0,RENT,25000,EDUCATION,13.43,0.39,4,574,No,1
26,female,High School,57856,middle,0,RENT,25000,HOMEIMPROVEMENT,15.28,0.43,2,602,No,1
23,male,Associate,57318,middle,0,RENT,25000,VENTURE,17.93,0.44,2,679,No,1
23,female,High School,16916,lower,2,MORTGAGE,1400,EDUCATION,9.25,0.08,4,615,No,0
21,male,Master,16664,lower,0,OWN,4500,VENTURE,12.98,0.27,4,601,No,1
22,male,Associate,252803,upper,0,MORTGAGE,16000,VENTURE,10.62,0.06,4,577,Yes,0
26,female,Associate,253061,upper,3,OWN,22000,PERSONAL,11.83,0.09,4,588,Yes,0
26,male,Bachelor,58602,middle,8,RENT,25000,VENTURE,18.43,0.43,2,595,No,1
22,male,High School,67012,middle,2,RENT,25000,EDUCATION,11.01,0.37,4,653,No,1
24,female,Master,66643,middle,3,RENT,25000,HOMEIMPROVEMENT,11.01,0.38,4,663,No,1
23,male,Bachelor,66599,middle,0,RENT,25000,EDUCATION,11.36,0.38,3,653,No,1
23,male,Associate,67212,middle,2,RENT,25000,EDUCATION,15.65,0.37,3,598,No,1
24,female,High School,66918,middle,1,RENT,25000,PERSONAL,13.22,0.37,4,630,No,1
26,male,Associate,68066,middle,2,RENT,25000,DEBTCONSOLIDATION,12.87,0.37,2,637,No,1
24,male,Associate,245545,upper,1,OWN,20000,MEDICAL,13.04,0.08,3,660,Yes,0
23,male,Associate,229083,upper,0,MORTGAGE,22000,EDUCATION,17.58,0.1,3,639,No,1
23,male,High School,17859,lower,0,OWN,7750,PERSONAL,17.04,0.43,4,626,No,1
24,female,Associate,72608,middle,3,RENT,25000,PERSONAL,10.99,0.34,3,612,No,1
24,male,Bachelor,73073,middle,1,RENT,25000,PERSONAL,11.11,0.34,3,628,No,1
26,female,Master,65880,middle,2,RENT,25000,DEBTCONSOLIDATION,14.83,0.38,2,592,No,1
23,male,High School,17755,lower,1,OWN,4000,DEBTCONSOLIDATION,11.01,0.23,3,580,No,1
24,male,Bachelor,241180,upper,3,RENT,12000,MEDICAL,12.69,0.05,2,634,No,0
24,male,Associate,240894,upper,3,MORTGAGE,12000,HOMEIMPROVEMENT,13.49,0.05,2,678,No,0
21,male,High School,240980,upper,0,MORTGAGE,16000,EDUCATION,14.65,0.07,4,557,Yes,0
25,male,Bachelor,65742,middle,3,RENT,25000,HOMEIMPROVEMENT,16.82,0.38,4,672,No,1
23,male,Bachelor,72713,middle,0,RENT,25000,PERSONAL,12.73,0.34,3,613,No,1
23,male,High School,72627,middle,3,RENT,25000,PERSONAL,10.25,0.34,4,566,No,1
21,male,Associate,72843,middle,0,RENT,25000,EDUCATION,10.99,0.34,4,718,No,1
25,male,High School,75504,middle,4,RENT,25000,MEDICAL,12.73,0.33,2,484,No,1
22,female,High School,68824,middle,0,RENT,25000,HOMEIMPROVEMENT,14.96,0.36,3,634,No,1
23,female,Bachelor,241167,upper,2,MORTGAGE,28000,EDUCATION,11.01,0.12,2,653,Yes,0
21,male,Bachelor,241060,upper,0,MORTGAGE,25000,DEBTCONSOLIDATION,13.99,0.1,2,699,No,0
24,male,High School,240855,upper,0,MORTGAGE,24000,VENTURE,7.49,0.1,4,656,Yes,0
26,male,High School,241030,upper,3,MORTGAGE,15000,EDUCATION,14.79,0.06,3,626,Yes,0
25,male,High School,240895,upper,2,MORTGAGE,15500,DEBTCONSOLIDATION,11.99,0.06,2,659,No,0
24,female,High School,240932,upper,4,RENT,10000,EDUCATION,8.49,0.04,4,604,Yes,0
24,male,Associate,80145,middle,1,RENT,25000,EDUCATION,9.91,0.31,2,636,No,1
22,male,Master,80303,middle,0,RENT,25000,EDUCATION,13.06,0.31,3,554,No,1
22,male,High School,241048,upper,0,MORTGAGE,9000,DEBTCONSOLIDATION,6.17,0.04,4,587,Yes,0
144,male,Associate,241424,upper,121,MORTGAGE,6000,EDUCATION,11.86,0.02,2,807,No,0
25,male,Bachelor,241005,upper,4,RENT,18000,EDUCATION,16.32,0.07,3,708,Yes,0
25,female,Master,240768,upper,2,MORTGAGE,12000,VENTURE,10.38,0.05,2,669,Yes,0
25,male,Associate,241201,upper,2,MORTGAGE,23050,PERSONAL,14.35,0.1,3,578,No,0
24,male,Bachelor,240920,upper,5,MORTGAGE,20000,DEBTCONSOLIDATION,11.01,0.08,3,615,No,0
24,female,Master,72919,middle,1,RENT,25000,DEBTCONSOLIDATION,11.01,0.34,2,553,No,1
21,male,Master,18008,lower,0,OWN,3000,HOMEIMPROVEMENT,11.01,0.17,4,635,No,1
26,female,Associate,81238,middle,3,RENT,25000,PERSONAL,15.21,0.31,2,531,No,1
23,male,High School,80868,middle,1,RENT,25000,EDUCATION,7.9,0.31,4,621,No,1
24,male,Bachelor,81537,middle,1,RENT,25000,VENTURE,10.99,0.31,3,674,No,1
24,female,Associate,82741,middle,0,RENT,25000,PERSONAL,14.09,0.3,3,688,No,1
25,female,High School,83901,middle,3,RENT,25000,PERSONAL,17.49,0.3,2,597,No,1
25,male,Associate,240717,upper,1,MORTGAGE,12000,EDUCATION,11.48,0.05,3,640,No,0
26,female,Associate,226744,upper,0,MORTGAGE,20000,VENTURE,17.74,0.09,2,621,No,1
26,female,Bachelor,241114,upper,5,MORTGAGE,3000,PERSONAL,13.92,0.01,3,608,Yes,0
25,male,Bachelor,85284,upper,3,RENT,25000,EDUCATION,15.21,0.29,3,653,No,1
22,female,Bachelor,18152,lower,0,OWN,4000,MEDICAL,10.99,0.22,3,585,No,1
24,female,High School,84871,middle,3,RENT,25000,EDUCATION,11.86,0.29,4,569,No,1
24,male,Bachelor,18294,lower,2,OWN,6000,PERSONAL,7.49,0.33,3,587,No,1
24,male,Bachelor,68029,middle,1,RENT,25000,MEDICAL,16.49,0.37,4,631,No,1
25,female,High School,80001,middle,4,RENT,25000,VENTURE,15.33,0.31,2,592,No,1
26,female,High School,79875,middle,6,RENT,25000,HOMEIMPROVEMENT,11.58,0.31,4,679,No,1
25,male,High School,18449,lower,1,OWN,5375,EDUCATION,5.79,0.29,2,645,No,1
25,male,Associate,88153,upper,0,RENT,25000,MEDICAL,13.11,0.28,2,669,No,1
23,female,Bachelor,90109,upper,0,RENT,25000,MEDICAL,10.36,0.28,3,653,No,1
25,male,Bachelor,90938,upper,1,RENT,25000,DEBTCONSOLIDATION,10.36,0.27,2,577,No,1
24,male,High School,231335,upper,0,RENT,22000,MEDICAL,11.01,0.1,2,668,Yes,0
21,male,Bachelor,231829,upper,0,MORTGAGE,20000,VENTURE,6.54,0.09,4,629,No,0
25,female,Associate,230516,upper,4,MORTGAGE,10000,MEDICAL,12.53,0.04,4,643,No,0
26,male,Bachelor,229626,upper,0,MORTGAGE,15000,PERSONAL,11.01,0.07,3,626,No,0
22,male,Bachelor,228907,upper,0,MORTGAGE,10000,VENTURE,11.01,0.04,3,560,Yes,0
24,male,Bachelor,90938,upper,0,RENT,25000,EDUCATION,10.25,0.27,4,648,No,1
22,male,Associate,86284,upper,0,RENT,25000,EDUCATION,15.95,0.29,4,648,No,1
26,male,Associate,228774,upper,3,MORTGAGE,20000,VENTURE,12.18,0.09,4,669,Yes,0
23,male,High School,229027,upper,2,OWN,24000,PERSONAL,11.83,0.1,3,536,Yes,0
23,male,High School,94789,upper,1,RENT,25000,DEBTCONSOLIDATION,11.01,0.26,2,548,No,1
23,female,Master,94780,upper,0,RENT,25000,VENTURE,10.62,0.26,3,667,No,1
23,male,High School,95298,upper,0,RENT,25000,VENTURE,10.74,0.26,3,676,No,1
25,male,Associate,223944,upper,1,OWN,10000,VENTURE,10.25,0.04,4,570,Yes,0
24,male,High School,222629,upper,0,MORTGAGE,35000,EDUCATION,12.42,0.16,2,623,No,0
25,female,Bachelor,222973,upper,2,RENT,15000,VENTURE,15.27,0.07,2,652,Yes,0
24,female,High School,75240,middle,1,RENT,25000,MEDICAL,15.33,0.33,2,625,No,1
23,female,High School,96143,upper,1,RENT,25000,VENTURE,15.21,0.26,2,642,No,1
21,male,Bachelor,18064,lower,0,OWN,6250,VENTURE,14.72,0.35,2,580,No,1
24,male,Associate,96627,upper,2,RENT,25000,PERSONAL,15.7,0.26,2,622,No,1
24,male,Bachelor,96309,upper,3,RENT,25000,EDUCATION,13.35,0.26,4,581,No,1
21,female,High School,18421,lower,1,MORTGAGE,1500,MEDICAL,11.01,0.08,4,623,No,0
24,male,Master,96836,upper,1,RENT,25000,EDUCATION,6.62,0.26,2,583,No,1
26,male,Bachelor,96947,upper,4,RENT,25000,DEBTCONSOLIDATION,13.61,0.26,4,645,No,1
22,female,Associate,222975,upper,2,RENT,25000,MEDICAL,11.36,0.11,2,593,Yes,0
26,male,Associate,222985,upper,3,OWN,5000,PERSONAL,7.68,0.02,2,659,Yes,0
24,female,Bachelor,223064,upper,0,RENT,22000,HOMEIMPROVEMENT,14.46,0.1,4,655,Yes,0
23,male,Associate,221559,upper,2,OWN,2500,EDUCATION,11.83,0.01,2,583,Yes,0
24,female,Associate,207712,upper,0,MORTGAGE,20000,DEBTCONSOLIDATION,13.47,0.1,4,582,No,1
24,female,Bachelor,220872,upper,1,MORTGAGE,20000,MEDICAL,11.49,0.09,3,504,Yes,0
22,male,High School,220518,upper,0,MORTGAGE,1000,EDUCATION,11.01,0.0,2,551,Yes,0
25,female,Associate,220510,upper,1,MORTGAGE,15000,PERSONAL,6.03,0.07,3,529,Yes,0
23,female,Bachelor,89818,upper,0,RENT,25000,DEBTCONSOLIDATION,16.35,0.28,4,674,No,1
26,female,High School,90006,upper,4,RENT,25000,DEBTCONSOLIDATION,11.01,0.28,4,595,No,1
25,female,High School,98704,upper,6,RENT,25000,DEBTCONSOLIDATION,7.29,0.25,3,597,No,1
23,male,High School,98967,upper,5,RENT,25000,MEDICAL,11.36,0.25,3,566,No,1
24,male,High School,99435,upper,3,RENT,25000,VENTURE,10.25,0.25,2,666,No,0
24,female,Bachelor,100658,upper,1,RENT,25000,EDUCATION,11.12,0.25,3,695,No,0
24,female,Bachelor,100435,upper,2,RENT,25000,PERSONAL,12.92,0.25,3,576,Yes,0
24,male,High School,216925,upper,5,RENT,18000,EDUCATION,18.64,0.08,4,651,Yes,0
23,female,Bachelor,216891,upper,0,MORTGAGE,28000,PERSONAL,7.51,0.13,3,633,Yes,0
23,male,Master,18512,lower,1,OWN,4000,HOMEIMPROVEMENT,16.7,0.22,2,566,No,1
22,male,Master,18367,lower,0,OWN,2100,PERSONAL,11.14,0.11,4,583,No,0
22,female,Associate,102317,upper,0,RENT,25000,PERSONAL,18.3,0.24,4,586,Yes,0
24,female,Associate,103400,upper,4,RENT,25000,MEDICAL,10.62,0.24,4,592,Yes,0
24,male,Bachelor,217134,upper,2,MORTGAGE,14000,VENTURE,11.99,0.06,2,598,Yes,0
26,male,Master,217024,upper,1,MORTGAGE,12000,VENTURE,9.63,0.06,4,637,Yes,0
25,female,High School,172215,upper,5,MORTGAGE,10000,MEDICAL,18.25,0.06,4,628,No,1
23,male,Master,18831,lower,0,MORTGAGE,6000,DEBTCONSOLIDATION,11.01,0.32,4,667,No,1
24,male,Associate,105349,upper,5,RENT,25000,HOMEIMPROVEMENT,14.84,0.24,3,621,Yes,0
24,male,Bachelor,91184,upper,1,RENT,25000,VENTURE,14.7,0.27,3,668,No,1
23,female,High School,91886,upper,1,RENT,25000,DEBTCONSOLIDATION,16.02,0.27,4,544,No,1
23,male,Associate,80452,middle,2,RENT,25000,MEDICAL,15.37,0.31,2,699,No,1
25,female,Bachelor,108758,upper,2,RENT,25000,MEDICAL,10.99,0.23,4,611,No,0
21,male,Associate,18916,lower,0,OWN,6200,HOMEIMPROVEMENT,7.9,0.33,2,615,No,1
26,female,High School,217234,upper,5,OWN,25000,PERSONAL,10.99,0.12,4,559,Yes,0
24,female,High School,217017,upper,0,OWN,21000,EDUCATION,11.48,0.1,3,577,Yes,0
25,male,High School,216874,upper,1,OWN,20000,MEDICAL,14.26,0.09,4,657,Yes,0
26,male,Associate,216833,upper,5,OWN,10000,HOMEIMPROVEMENT,8.0,0.05,4,676,Yes,0
25,male,Bachelor,216483,upper,0,MORTGAGE,9950,VENTURE,11.26,0.05,2,601,No,0
23,female,Master,19000,lower,2,OWN,4475,MEDICAL,11.01,0.24,4,647,No,1
23,female,Master,94363,upper,0,RENT,25000,VENTURE,16.32,0.26,3,576,No,1
25,male,Master,80570,middle,3,RENT,25000,MEDICAL,17.93,0.31,4,612,No,1
23,male,Bachelor,109167,upper,0,RENT,25000,DEBTCONSOLIDATION,11.36,0.23,3,678,No,0
24,female,Associate,95753,upper,1,RENT,25000,DEBTCONSOLIDATION,14.96,0.26,4,542,No,1
24,female,Associate,110935,upper,1,RENT,25000,PERSONAL,13.43,0.23,3,709,Yes,0
25,male,Associate,111490,upper,2,RENT,25000,HOMEIMPROVEMENT,12.69,0.22,3,622,Yes,0
24,male,Associate,111729,upper,4,RENT,25000,VENTURE,12.73,0.22,4,642,Yes,0
23,female,High School,113396,upper,0,RENT,25000,VENTURE,15.21,0.22,4,660,No,0
23,female,Bachelor,19175,lower,1,MORTGAGE,1750,MEDICAL,12.68,0.09,3,587,Yes,0
23,female,High School,85787,upper,0,RENT,25000,MEDICAL,19.04,0.29,4,646,No,1
25,female,Master,102114,upper,7,RENT,25000,DEBTCONSOLIDATION,15.95,0.24,3,637,No,1
26,male,Bachelor,211005,upper,5,MORTGAGE,2600,VENTURE,8.9,0.01,4,718,No,0
25,male,Master,210903,upper,4,MORTGAGE,8000,HOMEIMPROVEMENT,7.9,0.04,2,588,Yes,0
22,male,Associate,210555,upper,0,MORTGAGE,18000,EDUCATION,11.01,0.09,2,652,No,0
23,male,Bachelor,210937,upper,0,MORTGAGE,21000,PERSONAL,11.99,0.1,3,620,Yes,0
23,male,High School,19062,lower,2,OWN,4000,DEBTCONSOLIDATION,13.98,0.21,4,667,No,1
23,female,Associate,18926,lower,0,OWN,4600,VENTURE,10.99,0.24,2,688,No,1
22,male,Associate,106694,upper,0,RENT,25000,DEBTCONSOLIDATION,15.58,0.23,2,667,No,1
25,male,Master,90718,upper,4,RENT,25000,MEDICAL,10.99,0.28,2,692,No,1
25,male,Bachelor,106668,upper,1,RENT,25000,VENTURE,14.96,0.23,4,562,No,1
25,male,High School,19158,lower,4,OWN,1750,HOMEIMPROVEMENT,15.31,0.09,4,625,Yes,0
26,male,High School,106419,upper,5,RENT,25000,VENTURE,15.65,0.23,3,649,No,1
25,female,High School,120696,upper,3,RENT,25000,VENTURE,9.33,0.21,4,545,Yes,0
23,male,High School,19065,lower,3,MORTGAGE,3600,PERSONAL,13.47,0.19,4,540,No,1
24,female,Associate,124083,upper,0,RENT,25000,PERSONAL,10.36,0.2,3,637,Yes,0
24,male,Associate,111673,upper,4,RENT,25000,HOMEIMPROVEMENT,16.77,0.22,4,600,No,1
23,male,High School,112633,upper,1,RENT,25000,DEBTCONSOLIDATION,14.59,0.22,2,633,No,1
22,male,High School,210938,upper,0,RENT,3500,VENTURE,11.91,0.02,2,588,No,0
23,female,Associate,210720,upper,2,MORTGAGE,7200,EDUCATION,8.38,0.03,3,624,Yes,0
25,male,High School,210705,upper,7,RENT,9000,VENTURE,10.59,0.04,3,525,Yes,0
25,male,High School,209997,upper,3,MORTGAGE,8800,DEBTCONSOLIDATION,14.27,0.04,3,616,Yes,0
26,female,Master,209873,upper,3,RENT,12000,DEBTCONSOLIDATION,12.53,0.06,4,675,No,0
25,female,Associate,195268,upper,1,MORTGAGE,25000,DEBTCONSOLIDATION,16.0,0.13,3,662,No,1
26,male,Master,209393,upper,2,MORTGAGE,10000,VENTURE,11.71,0.05,4,585,Yes,0
21,male,Master,18773,lower,0,OWN,3175,HOMEIMPROVEMENT,11.54,0.17,3,686,No,1
25,female,Bachelor,116439,upper,2,RENT,25000,HOMEIMPROVEMENT,15.68,0.21,4,595,No,1
21,female,Associate,19169,lower,2,MORTGAGE,1500,EDUCATION,10.59,0.08,2,537,Yes,0
24,female,High School,118417,upper,0,RENT,25000,HOMEIMPROVEMENT,12.61,0.21,2,625,No,1
26,female,High School,133476,upper,0,RENT,25000,PERSONAL,11.01,0.19,2,641,Yes,0
23,female,Associate,19312,lower,4,MORTGAGE,2800,PERSONAL,8.49,0.14,3,661,No,1
25,male,High School,192351,upper,1,RENT,30000,PERSONAL,17.27,0.16,4,577,No,1
24,male,Bachelor,206648,upper,4,RENT,18000,DEBTCONSOLIDATION,8.9,0.09,4,537,Yes,0
25,female,High School,205046,upper,6,MORTGAGE,10000,MEDICAL,11.11,0.05,4,646,Yes,0
24,male,High School,190735,upper,1,RENT,25000,HOMEIMPROVEMENT,14.59,0.13,2,653,No,1
26,female,Associate,204872,upper,3,RENT,13000,VENTURE,12.42,0.06,3,654,No,0
24,male,Associate,100758,upper,0,RENT,25000,MEDICAL,11.01,0.25,2,635,No,1
24,female,Master,133231,upper,3,RENT,25000,HOMEIMPROVEMENT,15.7,0.19,2,675,Yes,0
22,female,Master,18923,lower,0,OWN,2500,HOMEIMPROVEMENT,12.53,0.13,3,618,No,1
25,female,Master,161894,upper,0,RENT,5000,MEDICAL,16.49,0.03,2,609,No,1
25,female,Bachelor,205144,upper,0,MORTGAGE,20000,EDUCATION,7.49,0.1,2,545,Yes,0
22,female,High School,121617,upper,2,RENT,25000,DEBTCONSOLIDATION,14.96,0.21,2,629,No,1
25,male,Associate,136206,upper,6,RENT,25000,MEDICAL,12.73,0.18,4,539,No,0
24,male,Master,144915,upper,4,RENT,25000,EDUCATION,10.65,0.17,4,593,Yes,0
25,female,High School,145233,upper,3,RENT,25000,MEDICAL,10.74,0.17,2,683,No,0
23,male,Bachelor,145002,upper,1,RENT,25000,EDUCATION,9.99,0.17,2,670,Yes,0
24,male,Master,110953,upper,0,RENT,25000,MEDICAL,15.33,0.23,2,662,No,1
21,female,High School,19414,lower,2,OWN,1000,VENTURE,7.29,0.05,4,681,Yes,0
26,male,High School,130096,upper,1,RENT,25000,PERSONAL,15.05,0.19,3,636,No,1
26,male,Master,157292,upper,0,RENT,25000,PERSONAL,10.75,0.16,3,677,Yes,0
23,female,Bachelor,156995,upper,3,RENT,25000,EDUCATION,16.02,0.16,2,656,Yes,0
23,female,Associate,156952,upper,0,RENT,25000,VENTURE,11.49,0.16,4,674,Yes,0
25,female,Associate,205005,upper,6,OWN,20000,EDUCATION,12.53,0.1,4,587,No,0
26,female,Bachelor,205060,upper,2,MORTGAGE,12000,VENTURE,13.57,0.06,2,658,No,0
22,male,High School,203782,upper,4,RENT,14000,PERSONAL,11.14,0.07,3,581,Yes,0
26,male,High School,203368,upper,3,RENT,24250,MEDICAL,12.87,0.12,3,606,Yes,0
23,female,Associate,203403,upper,0,RENT,20000,EDUCATION,11.58,0.1,3,648,No,0
24,female,Associate,202715,upper,3,RENT,1800,HOMEIMPROVEMENT,11.12,0.01,3,563,Yes,0
25,female,Master,202525,upper,1,MORTGAGE,35000,PERSONAL,10.65,0.17,2,589,Yes,0
24,male,Associate,161487,upper,1,RENT,25000,DEBTCONSOLIDATION,10.37,0.15,2,641,No,0
24,male,Associate,19677,lower,3,OWN,3300,HOMEIMPROVEMENT,6.39,0.17,4,637,No,1
24,male,High School,161952,upper,2,RENT,25000,PERSONAL,16.07,0.15,3,578,Yes,0
25,female,Bachelor,161560,upper,0,RENT,25000,MEDICAL,10.62,0.15,2,660,Yes,0
25,male,High School,19423,lower,3,OWN,3200,VENTURE,18.09,0.16,2,586,No,1
25,male,Associate,163134,upper,5,RENT,25000,EDUCATION,11.36,0.15,4,567,Yes,0
26,female,Bachelor,163683,upper,5,RENT,25000,DEBTCONSOLIDATION,12.53,0.15,4,582,Yes,0
25,female,Bachelor,174972,upper,3,RENT,25000,EDUCATION,9.99,0.14,4,712,Yes,0
23,male,High School,181016,upper,4,RENT,25000,EDUCATION,10.36,0.14,3,674,No,0
23,female,Master,198920,upper,0,MORTGAGE,9600,EDUCATION,5.99,0.05,3,532,Yes,0
22,female,Master,184800,upper,1,MORTGAGE,24000,DEBTCONSOLIDATION,15.62,0.13,2,670,No,1
24,male,Master,198862,upper,6,MORTGAGE,20000,PERSONAL,10.37,0.1,4,658,No,0
25,male,Associate,199407,upper,0,MORTGAGE,25000,HOMEIMPROVEMENT,19.74,0.13,4,669,No,0
21,male,Bachelor,198803,upper,0,MORTGAGE,20000,EDUCATION,6.91,0.1,4,681,Yes,0
23,male,Associate,20044,lower,3,OWN,6000,MEDICAL,7.9,0.3,2,618,No,1
23,female,Bachelor,20401,lower,4,MORTGAGE,2275,DEBTCONSOLIDATION,13.06,0.11,4,573,Yes,0
23,female,High School,19859,lower,0,OWN,2000,PERSONAL,6.39,0.1,3,491,Yes,0
23,male,Master,178660,upper,2,RENT,25000,DEBTCONSOLIDATION,14.93,0.14,3,590,No,1
23,female,High School,20421,lower,0,MORTGAGE,5600,MEDICAL,12.84,0.27,4,587,No,1
24,male,Master,20353,lower,2,OWN,3625,VENTURE,17.14,0.18,2,648,No,1
22,male,Master,20297,lower,0,MORTGAGE,5500,VENTURE,7.14,0.27,3,687,No,1
25,male,Bachelor,210932,upper,0,RENT,25000,PERSONAL,8.9,0.12,2,621,No,0
22,female,High School,20405,lower,0,OWN,2000,PERSONAL,12.42,0.1,3,590,Yes,0
24,male,Associate,223194,upper,0,RENT,25000,HOMEIMPROVEMENT,12.68,0.11,2,676,Yes,0
25,female,Associate,195560,upper,0,RENT,25000,PERSONAL,11.03,0.13,2,677,Yes,0
26,male,Bachelor,194140,upper,6,RENT,30000,VENTURE,7.9,0.15,4,651,Yes,0
22,male,High School,193337,upper,0,MORTGAGE,35000,MEDICAL,10.65,0.18,4,602,Yes,0
25,male,High School,270992,upper,2,RENT,25000,VENTURE,11.86,0.09,4,652,No,0
25,male,Associate,20221,lower,5,OWN,5000,PERSONAL,8.94,0.25,4,572,No,1
23,male,Bachelor,20678,lower,0,OWN,4375,VENTURE,9.63,0.21,4,528,No,1
25,female,High School,60742,middle,3,RENT,24750,PERSONAL,14.22,0.41,3,638,No,1
23,female,High School,72805,middle,2,RENT,24750,DEBTCONSOLIDATION,9.33,0.34,3,655,No,1
24,male,Master,102011,upper,3,RENT,24500,MEDICAL,13.85,0.24,4,627,Yes,0
22,male,High School,20896,lower,0,MORTGAGE,2000,EDUCATION,10.65,0.1,2,596,No,0
24,female,Bachelor,111283,upper,0,RENT,24500,MEDICAL,11.46,0.22,4,694,No,0
23,female,Associate,192873,upper,0,MORTGAGE,35000,PERSONAL,7.66,0.18,2,684,Yes,0
24,female,Bachelor,193174,upper,0,MORTGAGE,12000,VENTURE,16.77,0.06,4,547,No,0
25,female,Bachelor,193249,upper,0,MORTGAGE,12000,PERSONAL,9.63,0.06,4,586,Yes,0
26,female,Bachelor,192954,upper,5,RENT,25000,PERSONAL,12.23,0.13,4,694,No,0
25,male,Master,152227,upper,2,MORTGAGE,10000,MEDICAL,14.09,0.07,4,639,No,1
25,female,Bachelor,65399,middle,0,RENT,24250,PERSONAL,13.98,0.37,4,663,No,1
23,female,High School,75928,middle,4,RENT,24250,EDUCATION,10.62,0.32,4,528,No,1
24,male,Bachelor,21627,lower,0,MORTGAGE,3900,DEBTCONSOLIDATION,11.01,0.18,3,636,No,1
25,male,High School,83235,middle,3,RENT,24250,PERSONAL,17.56,0.29,4,603,No,1
26,male,High School,68297,middle,3,RENT,24250,MEDICAL,14.96,0.36,2,507,No,1
22,male,Master,89977,upper,3,RENT,24250,DEBTCONSOLIDATION,15.65,0.27,2,692,No,1
24,female,Associate,79510,middle,2,RENT,24250,MEDICAL,15.7,0.3,2,604,No,1
24,female,Bachelor,109050,upper,5,RENT,24250,VENTURE,12.53,0.22,3,622,No,0
26,female,Bachelor,94635,upper,2,RENT,24250,HOMEIMPROVEMENT,17.56,0.26,3,643,No,1
23,male,High School,120966,upper,0,RENT,24250,PERSONAL,12.87,0.2,2,565,No,0
23,male,Master,124437,upper,0,RENT,24250,PERSONAL,15.7,0.19,2,718,Yes,0
25,male,Bachelor,193147,upper,3,MORTGAGE,9000,EDUCATION,11.01,0.05,3,625,Yes,0
25,male,Bachelor,192914,upper,0,OWN,15000,VENTURE,11.14,0.08,4,614,Yes,0
24,female,Bachelor,192806,upper,2,MORTGAGE,20000,VENTURE,16.0,0.1,3,690,Yes,0
23,male,High School,193097,upper,0,MORTGAGE,25000,EDUCATION,15.65,0.13,2,564,Yes,0
26,female,Associate,193082,upper,5,MORTGAGE,13750,DEBTCONSOLIDATION,11.01,0.07,4,579,Yes,0
21,female,High School,192841,upper,1,MORTGAGE,15250,VENTURE,15.31,0.08,4,648,No,0
25,male,Master,193300,upper,3,MORTGAGE,20000,VENTURE,13.47,0.1,2,531,Yes,0
22,male,Associate,21205,lower,0,MORTGAGE,4750,HOMEIMPROVEMENT,13.85,0.22,2,658,No,1
25,female,Bachelor,135292,upper,3,RENT,24250,PERSONAL,11.01,0.18,3,574,No,0
21,male,High School,21363,lower,2,MORTGAGE,6000,VENTURE,10.39,0.28,4,671,No,1
25,male,High School,139035,upper,7,RENT,24250,HOMEIMPROVEMENT,11.36,0.17,2,633,No,0
23,male,High School,173511,upper,0,RENT,24250,EDUCATION,11.83,0.14,3,631,Yes,0
23,male,Associate,345520,upper,0,RENT,24250,EDUCATION,12.53,0.07,3,652,Yes,0
22,female,Bachelor,130762,upper,3,RENT,24150,HOMEIMPROVEMENT,14.96,0.18,3,683,No,1
22,female,Bachelor,52596,middle,0,RENT,24000,DEBTCONSOLIDATION,13.85,0.46,3,693,No,1
23,female,Bachelor,57326,middle,2,RENT,24000,VENTURE,11.58,0.42,4,603,No,1
24,female,High School,58262,middle,1,RENT,24000,VENTURE,16.29,0.41,2,522,No,1
26,female,High School,58620,middle,4,RENT,24000,MEDICAL,11.01,0.41,3,664,No,1
21,female,Master,55113,middle,0,RENT,24000,EDUCATION,16.29,0.44,2,645,No,1
25,male,Bachelor,63361,middle,2,RENT,24000,PERSONAL,10.74,0.38,2,592,No,1
22,female,Associate,22107,lower,4,MORTGAGE,2250,EDUCATION,15.27,0.1,3,636,Yes,0
24,female,Bachelor,57356,middle,3,RENT,24000,PERSONAL,17.8,0.42,2,672,No,1
22,female,Bachelor,21790,lower,0,MORTGAGE,1000,VENTURE,11.36,0.05,2,686,Yes,0
22,female,High School,59680,middle,0,RENT,24000,MEDICAL,17.56,0.4,4,590,No,1
26,female,Master,72720,middle,2,RENT,24000,PERSONAL,7.9,0.33,4,636,No,1
25,female,High School,73024,middle,5,RENT,24000,PERSONAL,10.99,0.33,4,580,No,1
22,male,Bachelor,73110,middle,0,RENT,24000,PERSONAL,7.29,0.33,3,674,No,1
21,female,Associate,72902,middle,0,RENT,24000,MEDICAL,10.75,0.33,2,601,No,1
26,female,High School,75416,middle,4,RENT,24000,DEBTCONSOLIDATION,7.9,0.32,3,620,No,1
22,male,Master,75959,middle,0,RENT,24000,EDUCATION,14.84,0.32,2,642,No,1
26,male,Associate,79222,middle,7,RENT,24000,DEBTCONSOLIDATION,11.01,0.3,2,616,No,1
22,female,Associate,21824,lower,0,MORTGAGE,4975,EDUCATION,11.01,0.23,3,588,No,1
23,male,High School,71875,middle,1,RENT,24000,DEBTCONSOLIDATION,19.69,0.33,2,585,No,1
23,male,Bachelor,80313,middle,1,RENT,24000,VENTURE,11.01,0.3,4,632,No,1
24,male,High School,72647,middle,5,RENT,24000,VENTURE,14.96,0.33,4,556,No,1
25,male,Bachelor,80492,middle,4,RENT,24000,EDUCATION,6.99,0.3,3,602,No,1
22,male,High School,75646,middle,0,RENT,24000,PERSONAL,16.45,0.32,4,639,No,1
24,male,Associate,85223,upper,3,RENT,24000,EDUCATION,10.99,0.28,4,603,No,1
23,male,Associate,89735,upper,2,RENT,24000,DEBTCONSOLIDATION,10.99,0.27,2,689,No,1
22,male,High School,22364,lower,4,OWN,3000,PERSONAL,7.9,0.13,4,672,No,1
22,female,Master,90780,upper,2,RENT,24000,EDUCATION,12.69,0.26,4,499,No,1
24,male,Bachelor,90889,upper,1,RENT,24000,MEDICAL,10.37,0.26,3,643,No,1
24,male,Bachelor,90911,upper,2,RENT,24000,HOMEIMPROVEMENT,11.01,0.26,3,589,No,1
26,male,Master,83953,middle,2,RENT,24000,DEBTCONSOLIDATION,15.83,0.29,3,646,No,1
23,male,Associate,94644,upper,1,RENT,24000,PERSONAL,13.92,0.25,3,613,No,1
22,female,High School,22616,lower,0,OWN,2000,VENTURE,11.49,0.09,3,567,No,0
24,female,Bachelor,96989,upper,4,RENT,24000,MEDICAL,10.25,0.25,2,603,No,0
22,female,Associate,22867,lower,3,OWN,3500,HOMEIMPROVEMENT,7.49,0.15,4,647,No,1
23,female,Master,22583,lower,1,OWN,4000,EDUCATION,5.99,0.18,2,645,No,1
23,female,Bachelor,90900,upper,0,RENT,24000,PERSONAL,12.92,0.26,2,672,No,1
26,female,Master,107641,upper,6,RENT,24000,PERSONAL,11.58,0.22,3,648,No,0
25,male,High School,114870,upper,4,RENT,24000,EDUCATION,8.9,0.21,2,653,No,0
22,male,Bachelor,100479,upper,0,RENT,24000,DEBTCONSOLIDATION,19.69,0.24,3,590,No,1
25,female,Master,114958,upper,2,RENT,24000,VENTURE,6.54,0.21,4,704,Yes,0
21,female,Master,22882,lower,0,OWN,4900,HOMEIMPROVEMENT,14.54,0.21,4,674,No,1
21,female,Bachelor,22392,lower,0,OWN,5000,EDUCATION,11.11,0.22,2,594,No,1
26,female,High School,120498,upper,5,RENT,24000,PERSONAL,12.73,0.2,4,626,No,0
24,female,Master,132873,upper,2,RENT,24000,VENTURE,15.62,0.18,4,701,Yes,0
24,male,Associate,22635,lower,3,OWN,6250,HOMEIMPROVEMENT,6.54,0.28,4,602,No,1
22,female,Associate,118299,upper,0,RENT,24000,DEBTCONSOLIDATION,11.01,0.2,2,503,No,1
26,female,Associate,125665,upper,5,RENT,24000,DEBTCONSOLIDATION,20.0,0.19,4,657,No,1
22,female,High School,144904,upper,0,RENT,24000,EDUCATION,9.91,0.17,4,638,No,0
24,female,Bachelor,144882,upper,2,RENT,24000,VENTURE,12.69,0.17,4,646,Yes,0
26,male,Associate,130649,upper,4,RENT,24000,EDUCATION,20.0,0.18,3,678,No,1
24,male,Master,149622,upper,4,RENT,24000,PERSONAL,16.49,0.16,4,684,Yes,0
23,male,Bachelor,22957,lower,1,MORTGAGE,2500,MEDICAL,15.95,0.11,2,594,No,1
24,male,Master,157225,upper,1,RENT,24000,DEBTCONSOLIDATION,11.49,0.15,3,538,Yes,0
25,female,Bachelor,163004,upper,3,RENT,24000,PERSONAL,10.99,0.15,2,662,No,0
24,male,High School,163035,upper,2,RENT,24000,HOMEIMPROVEMENT,13.79,0.15,2,636,Yes,0
23,male,Master,138731,upper,0,RENT,24000,MEDICAL,20.0,0.17,3,613,No,1
23,female,Associate,180804,upper,1,RENT,24000,EDUCATION,7.49,0.13,4,573,Yes,0
23,male,Master,166378,upper,0,RENT,24000,DEBTCONSOLIDATION,16.0,0.14,2,714,No,1
24,male,Associate,22684,lower,0,OWN,13000,PERSONAL,7.88,0.57,3,640,No,1
21,male,Bachelor,22366,lower,0,OWN,6250,VENTURE,10.62,0.28,4,637,No,1
26,female,High School,187161,upper,7,RENT,24000,DEBTCONSOLIDATION,10.99,0.13,4,633,Yes,0
26,male,Bachelor,178439,upper,0,RENT,24000,EDUCATION,18.3,0.13,2,615,No,1
26,male,Bachelor,204962,upper,2,RENT,24000,DEBTCONSOLIDATION,11.01,0.12,2,552,Yes,0
21,male,Bachelor,22673,lower,0,OWN,2500,PERSONAL,11.36,0.11,3,670,Yes,0
24,male,Associate,53633,middle,4,RENT,23975,HOMEIMPROVEMENT,11.01,0.45,2,678,No,1
23,female,Master,144983,upper,2,RENT,23750,MEDICAL,13.47,0.16,2,676,No,0
24,female,High School,67032,middle,2,RENT,23600,PERSONAL,11.89,0.35,3,624,No,1
24,male,High School,22664,lower,0,MORTGAGE,10000,DEBTCONSOLIDATION,12.18,0.44,2,649,No,1
25,male,High School,123299,upper,0,RENT,23600,DEBTCONSOLIDATION,13.49,0.19,4,555,Yes,0
23,female,Associate,91275,upper,0,RENT,23575,PERSONAL,14.5,0.26,4,613,No,1
22,male,Bachelor,22564,lower,1,OWN,4000,MEDICAL,11.01,0.18,2,684,No,1
22,male,Bachelor,22786,lower,0,OWN,5400,MEDICAL,15.31,0.24,2,647,No,1
25,male,High School,22450,lower,4,MORTGAGE,4000,MEDICAL,11.01,0.18,3,580,No,1
21,female,Bachelor,22666,lower,0,OWN,3375,VENTURE,11.01,0.15,2,630,No,1
22,male,Bachelor,81701,middle,1,RENT,23400,VENTURE,7.49,0.29,2,589,No,1
22,male,High School,52984,middle,0,RENT,23000,PERSONAL,11.01,0.43,3,621,No,1
25,female,Master,68579,middle,1,RENT,23000,EDUCATION,11.01,0.34,2,665,No,1
23,female,Bachelor,73014,middle,0,RENT,23000,VENTURE,12.18,0.32,4,668,No,1
24,female,Bachelor,22608,lower,2,MORTGAGE,1200,VENTURE,11.34,0.05,4,615,Yes,0
25,female,High School,76932,middle,2,RENT,23000,EDUCATION,9.91,0.3,3,604,No,1
24,male,High School,78955,middle,1,RENT,23000,HOMEIMPROVEMENT,11.99,0.29,4,620,No,1
23,male,Master,82567,middle,0,RENT,23000,EDUCATION,9.62,0.28,2,558,No,1
22,male,Bachelor,22466,lower,0,OWN,3000,DEBTCONSOLIDATION,9.96,0.13,3,603,No,1
25,male,Bachelor,97251,upper,2,RENT,23000,VENTURE,11.01,0.24,2,683,Yes,0
24,male,Associate,106607,upper,1,RENT,23000,VENTURE,14.54,0.22,2,641,No,1
22,male,Bachelor,71385,middle,0,RENT,22750,MEDICAL,11.36,0.32,4,521,No,1
23,female,Bachelor,84865,middle,3,RENT,22500,DEBTCONSOLIDATION,14.27,0.27,2,655,No,1
24,male,Bachelor,22789,lower,1,OWN,3000,HOMEIMPROVEMENT,11.99,0.13,3,663,No,1
26,female,Bachelor,84801,middle,4,RENT,22500,EDUCATION,18.99,0.27,2,605,No,1
24,male,Bachelor,88421,upper,4,RENT,22400,VENTURE,16.7,0.25,4,708,No,1
24,male,High School,23071,lower,3,MORTGAGE,5000,PERSONAL,9.32,0.22,3,571,No,1
23,male,Bachelor,43042,middle,1,RENT,22250,DEBTCONSOLIDATION,12.69,0.52,3,678,No,1
25,female,High School,53119,middle,1,RENT,22000,HOMEIMPROVEMENT,13.11,0.41,2,597,No,1
25,male,Bachelor,63311,middle,1,RENT,22000,PERSONAL,10.74,0.35,2,689,No,1
21,male,Bachelor,23597,lower,0,MORTGAGE,4200,PERSONAL,14.11,0.18,4,675,No,1
22,female,High School,69308,middle,1,RENT,22000,EDUCATION,9.63,0.32,3,591,No,1
25,female,High School,70598,middle,5,RENT,22000,MEDICAL,14.65,0.31,2,616,No,1
23,female,High School,73044,middle,0,RENT,22000,DEBTCONSOLIDATION,10.25,0.3,4,640,No,1
24,male,Bachelor,73043,middle,0,RENT,22000,VENTURE,14.26,0.3,2,593,No,1
25,female,Bachelor,23627,lower,4,MORTGAGE,3000,EDUCATION,9.91,0.13,2,649,No,1
26,male,Bachelor,68198,middle,4,RENT,22000,MEDICAL,17.19,0.32,3,645,No,1
22,female,High School,85089,upper,0,RENT,22000,EDUCATION,11.36,0.26,4,537,No,1
22,female,Bachelor,80358,middle,0,RENT,22000,EDUCATION,11.01,0.27,2,635,No,1
23,female,Bachelor,90025,upper,0,RENT,22000,DEBTCONSOLIDATION,10.59,0.24,3,640,Yes,0
24,female,Master,93232,upper,2,RENT,22000,EDUCATION,9.25,0.24,2,625,No,0
22,female,Master,23497,lower,0,OWN,3625,MEDICAL,8.49,0.15,3,557,No,1
26,male,Associate,93314,upper,8,RENT,22000,VENTURE,6.54,0.24,3,643,No,0
21,female,Associate,23543,lower,0,OWN,6000,MEDICAL,8.49,0.25,3,631,No,1
24,male,Bachelor,97038,upper,0,RENT,22000,MEDICAL,11.01,0.23,4,653,Yes,0
26,female,Associate,100246,upper,1,RENT,22000,VENTURE,12.69,0.22,2,623,Yes,0
24,female,Bachelor,23667,lower,3,OWN,7400,MEDICAL,13.85,0.31,2,662,No,1
25,male,Associate,23719,lower,2,OWN,4000,DEBTCONSOLIDATION,7.4,0.17,3,667,No,1
23,male,High School,101575,upper,1,RENT,22000,DEBTCONSOLIDATION,11.71,0.22,4,586,No,0
25,female,Master,94168,upper,3,RENT,22000,PERSONAL,11.48,0.23,3,719,No,1
25,male,Master,99394,upper,1,RENT,22000,EDUCATION,17.51,0.22,2,646,No,1
21,male,High School,23504,lower,0,MORTGAGE,3500,DEBTCONSOLIDATION,14.61,0.15,3,646,No,1
23,male,Bachelor,120500,upper,3,RENT,22000,DEBTCONSOLIDATION,7.88,0.18,4,646,No,0
23,female,Bachelor,133195,upper,1,RENT,22000,PERSONAL,11.01,0.17,3,643,Yes,0
22,male,Bachelor,24148,lower,1,MORTGAGE,4950,PERSONAL,11.71,0.2,2,594,No,1
25,male,Bachelor,69353,middle,1,RENT,21700,PERSONAL,11.99,0.31,2,664,No,1
24,male,High School,65946,middle,0,RENT,21600,VENTURE,13.49,0.33,2,605,No,1
23,female,High School,68677,middle,0,RENT,21600,MEDICAL,20.0,0.31,4,646,No,1
26,female,Associate,76687,middle,3,RENT,21600,DEBTCONSOLIDATION,14.35,0.28,3,655,No,1
22,female,Bachelor,99087,upper,0,RENT,21600,PERSONAL,13.61,0.22,3,597,No,0
22,male,High School,94523,upper,0,RENT,21600,DEBTCONSOLIDATION,11.26,0.23,3,679,No,1
22,female,High School,24092,lower,0,OWN,2400,VENTURE,10.59,0.1,3,654,No,0
24,female,Bachelor,135365,upper,1,RENT,21600,MEDICAL,7.9,0.16,2,556,No,0
24,male,Associate,24420,lower,2,MORTGAGE,7000,HOMEIMPROVEMENT,5.99,0.29,4,694,No,1
25,male,High School,23948,lower,3,OWN,3000,EDUCATION,11.99,0.13,4,587,No,1
24,female,Associate,71718,middle,2,RENT,21500,MEDICAL,16.89,0.3,3,620,No,1
24,female,Master,84999,middle,0,RENT,21500,HOMEIMPROVEMENT,9.99,0.25,3,701,No,1
24,female,High School,140396,upper,4,RENT,21500,EDUCATION,15.33,0.15,3,572,Yes,0
25,male,High School,73404,middle,4,RENT,21450,EDUCATION,7.29,0.29,4,671,No,1
22,male,High School,38473,middle,0,RENT,21250,DEBTCONSOLIDATION,12.42,0.55,3,599,No,1
25,male,Associate,57546,middle,3,RENT,21250,VENTURE,10.99,0.37,2,610,No,1
25,male,Bachelor,62422,middle,4,RENT,21250,VENTURE,6.91,0.34,2,588,No,1
22,male,Bachelor,23993,lower,1,MORTGAGE,5000,DEBTCONSOLIDATION,14.17,0.21,2,691,No,1
22,male,High School,64732,middle,0,RENT,21250,MEDICAL,10.25,0.33,3,645,No,1
26,male,Associate,23955,lower,2,OWN,9250,EDUCATION,11.01,0.39,2,618,No,1
24,male,Bachelor,68154,middle,2,RENT,21250,VENTURE,15.95,0.31,3,672,No,1
24,female,Associate,79138,middle,2,RENT,21250,EDUCATION,15.95,0.27,4,650,No,1
21,male,High School,42536,middle,0,RENT,21000,VENTURE,12.53,0.49,4,687,No,1
22,male,Associate,23888,lower,0,MORTGAGE,1400,HOMEIMPROVEMENT,14.91,0.06,4,535,No,1
23,male,Associate,24013,lower,0,MORTGAGE,3000,MEDICAL,11.01,0.12,4,604,No,1
26,female,Bachelor,48929,middle,6,RENT,21000,MEDICAL,6.54,0.43,4,601,No,1
25,female,Associate,24121,lower,1,OWN,1000,VENTURE,11.01,0.04,3,612,Yes,0
26,male,Bachelor,51379,middle,5,RENT,21000,MEDICAL,17.26,0.41,4,666,No,1
23,male,High School,76364,middle,0,RENT,21000,MEDICAL,11.36,0.27,2,645,No,1
26,male,Bachelor,24297,lower,3,MORTGAGE,4000,VENTURE,7.51,0.16,4,678,No,1
22,female,Bachelor,71599,middle,0,RENT,21000,PERSONAL,10.71,0.29,3,644,No,1
22,male,Associate,85496,upper,1,RENT,21000,PERSONAL,13.98,0.25,4,614,Yes,0
26,female,Associate,79163,middle,3,RENT,21000,DEBTCONSOLIDATION,14.09,0.27,3,627,No,1
22,male,Master,90944,upper,0,RENT,21000,EDUCATION,10.0,0.23,3,523,Yes,0
22,female,Master,23973,lower,0,MORTGAGE,5000,MEDICAL,15.33,0.21,3,571,No,1
25,female,High School,75181,middle,4,RENT,21000,MEDICAL,16.32,0.28,4,546,No,1
24,female,Associate,95767,upper,2,RENT,21000,HOMEIMPROVEMENT,7.9,0.22,2,640,No,0
23,female,Master,96788,upper,1,RENT,21000,MEDICAL,11.99,0.22,3,648,Yes,0
24,male,High School,101708,upper,2,RENT,21000,MEDICAL,10.75,0.21,4,593,No,0
26,male,Associate,103023,upper,4,RENT,21000,HOMEIMPROVEMENT,13.92,0.2,3,658,Yes,0
22,male,Bachelor,113027,upper,2,RENT,21000,EDUCATION,9.91,0.19,3,701,No,0
26,female,Bachelor,98366,upper,4,RENT,21000,EDUCATION,16.95,0.21,3,702,No,1
26,male,Associate,117668,upper,0,RENT,21000,EDUCATION,7.9,0.18,3,711,Yes,0
26,male,Bachelor,117297,upper,4,RENT,21000,EDUCATION,11.01,0.18,3,570,Yes,0
25,female,Associate,120885,upper,4,RENT,21000,PERSONAL,16.49,0.17,3,637,No,1
26,female,Associate,24183,lower,5,OTHER,7500,PERSONAL,11.97,0.31,2,621,No,1
21,male,High School,23664,lower,1,MORTGAGE,6250,DEBTCONSOLIDATION,6.17,0.26,3,637,No,1
26,male,Associate,150692,upper,7,RENT,21000,HOMEIMPROVEMENT,8.9,0.14,2,534,No,0
25,female,High School,151100,upper,2,RENT,21000,EDUCATION,12.99,0.14,3,577,Yes,0
23,male,Bachelor,99197,upper,1,RENT,20900,PERSONAL,12.69,0.21,2,638,No,0
21,female,Associate,24468,lower,0,MORTGAGE,15000,EDUCATION,9.64,0.61,2,548,No,1
26,female,High School,61015,middle,2,RENT,20500,VENTURE,7.49,0.34,3,676,No,1
23,male,Associate,84845,middle,0,RENT,20500,EDUCATION,13.16,0.24,3,641,No,0
22,female,Associate,24872,lower,0,OWN,2100,EDUCATION,8.38,0.08,4,630,Yes,0
123,female,High School,97140,upper,101,RENT,20400,EDUCATION,10.25,0.21,3,805,Yes,0
23,male,Bachelor,65613,middle,0,RENT,20375,PERSONAL,7.49,0.31,2,518,No,1
26,male,High School,32325,lower,4,RENT,20050,EDUCATION,9.76,0.62,2,652,No,1
24,female,Associate,40881,middle,0,RENT,20000,DEBTCONSOLIDATION,10.99,0.49,3,600,No,1
23,male,Associate,24766,lower,0,OWN,5000,PERSONAL,11.71,0.2,4,649,No,0
22,female,Associate,24995,lower,0,OWN,9250,PERSONAL,10.65,0.37,4,576,Yes,0
24,male,Master,43287,middle,0,RENT,20000,MEDICAL,12.53,0.46,4,600,No,1
25,male,Bachelor,46375,middle,2,RENT,20000,MEDICAL,14.59,0.43,4,654,No,1
23,female,High School,39416,middle,0,RENT,20000,DEBTCONSOLIDATION,12.61,0.51,4,593,No,1
25,male,Associate,46636,middle,2,RENT,20000,MEDICAL,13.11,0.43,2,614,No,1
23,male,Associate,25168,lower,0,MORTGAGE,6400,MEDICAL,10.65,0.25,4,638,No,0
25,male,Bachelor,47473,middle,3,RENT,20000,PERSONAL,11.22,0.42,4,633,No,1
23,female,High School,40632,middle,0,RENT,20000,EDUCATION,16.0,0.49,2,649,No,1
25,female,Associate,41468,middle,2,RENT,20000,HOMEIMPROVEMENT,8.88,0.48,4,591,No,1
24,male,High School,48897,middle,2,RENT,20000,PERSONAL,12.53,0.41,3,656,No,1
21,male,Bachelor,44226,middle,0,RENT,20000,MEDICAL,11.01,0.45,2,637,No,1
26,male,Bachelor,25012,lower,3,MORTGAGE,4800,MEDICAL,5.99,0.19,3,682,Yes,0
25,male,Associate,51210,middle,4,RENT,20000,EDUCATION,13.47,0.39,4,645,No,1
22,male,High School,51305,middle,1,RENT,20000,VENTURE,6.99,0.39,4,602,No,1
25,male,Bachelor,25295,lower,3,OWN,5650,PERSONAL,15.99,0.22,2,637,Yes,0
23,female,Associate,24930,lower,0,MORTGAGE,3625,EDUCATION,11.01,0.15,3,662,Yes,0
22,male,High School,45716,middle,0,RENT,20000,DEBTCONSOLIDATION,16.69,0.44,3,447,No,1
25,male,Bachelor,46683,middle,3,RENT,20000,MEDICAL,11.11,0.43,4,636,No,1
22,female,Associate,54870,middle,0,RENT,20000,EDUCATION,7.9,0.36,4,631,No,1
23,male,Associate,55291,middle,3,RENT,20000,PERSONAL,10.25,0.36,2,632,No,1
24,female,High School,54919,middle,4,RENT,20000,MEDICAL,11.01,0.36,2,670,No,1
23,female,Bachelor,25141,lower,0,OWN,1200,MEDICAL,7.49,0.05,3,700,No,0
22,male,High School,54899,middle,0,RENT,20000,DEBTCONSOLIDATION,13.92,0.36,3,650,No,1
24,male,Associate,47903,middle,0,RENT,20000,MEDICAL,14.74,0.42,2,665,No,1
24,male,Associate,56744,middle,0,RENT,20000,EDUCATION,10.62,0.35,2,582,No,1
22,male,Associate,58440,middle,0,RENT,20000,VENTURE,10.65,0.34,3,656,No,1
22,female,Associate,51628,middle,0,RENT,20000,PERSONAL,12.99,0.39,3,635,No,1
22,male,High School,58859,middle,1,RENT,20000,VENTURE,11.36,0.34,4,672,No,1
22,female,Associate,24521,lower,0,OWN,7500,EDUCATION,5.79,0.31,4,612,Yes,0
23,female,Master,60235,middle,4,RENT,20000,EDUCATION,6.54,0.33,4,615,No,1
25,female,Master,25654,lower,6,MORTGAGE,4000,VENTURE,5.79,0.16,2,725,No,0
25,female,Bachelor,61114,middle,1,RENT,20000,DEBTCONSOLIDATION,7.49,0.33,3,639,No,1
25,female,Bachelor,60990,middle,1,RENT,20000,EDUCATION,13.43,0.33,2,691,No,1
22,female,Bachelor,61072,middle,0,RENT,20000,DEBTCONSOLIDATION,13.22,0.33,2,681,No,1
22,male,Associate,25229,lower,1,OWN,5000,VENTURE,14.72,0.2,3,604,Yes,0
22,female,Associate,53980,middle,0,RENT,20000,EDUCATION,15.68,0.37,4,688,No,1
24,male,Bachelor,61918,middle,2,RENT,20000,MEDICAL,11.01,0.32,3,672,No,1
25,female,Bachelor,62299,middle,3,RENT,20000,HOMEIMPROVEMENT,11.48,0.32,3,680,No,1
24,male,Master,62192,middle,3,RENT,20000,VENTURE,10.38,0.32,3,640,No,1
22,male,Bachelor,62045,middle,0,RENT,20000,EDUCATION,12.53,0.32,3,629,No,1
22,male,Bachelor,62350,middle,1,RENT,20000,EDUCATION,13.47,0.32,2,677,No,1
24,female,Associate,62508,middle,0,RENT,20000,VENTURE,12.21,0.32,4,571,No,1
25,male,High School,63607,middle,2,RENT,20000,VENTURE,10.99,0.31,3,647,No,1
25,male,Associate,63921,middle,3,RENT,20000,EDUCATION,11.36,0.31,4,568,No,1
22,male,Bachelor,56273,middle,0,RENT,20000,DEBTCONSOLIDATION,16.0,0.36,4,700,No,1
26,male,Bachelor,24569,lower,4,MORTGAGE,1500,PERSONAL,7.74,0.06,3,570,Yes,0
24,male,High School,63481,middle,3,RENT,20000,EDUCATION,15.65,0.32,2,633,No,1
25,male,High School,56451,middle,0,RENT,20000,DEBTCONSOLIDATION,11.78,0.35,2,646,No,1
24,female,Associate,63897,middle,0,RENT,20000,HOMEIMPROVEMENT,11.01,0.31,3,614,No,1
22,female,High School,57193,middle,0,RENT,20000,MEDICAL,16.77,0.35,3,532,No,1
22,male,Associate,65874,middle,0,RENT,20000,EDUCATION,9.91,0.3,4,617,No,1
23,female,Associate,58705,middle,3,RENT,20000,MEDICAL,15.65,0.34,4,603,No,1
23,male,High School,58236,middle,2,RENT,20000,MEDICAL,14.96,0.34,3,588,No,1
23,male,Associate,65738,middle,0,RENT,20000,VENTURE,11.83,0.3,4,668,No,1
24,male,High School,59765,middle,2,RENT,20000,MEDICAL,11.66,0.33,4,643,No,1
26,male,High School,67019,middle,2,RENT,20000,EDUCATION,12.18,0.3,4,639,No,1
24,female,Associate,67265,middle,2,RENT,20000,HOMEIMPROVEMENT,6.91,0.3,2,525,No,1
25,male,Bachelor,66906,middle,3,RENT,20000,DEBTCONSOLIDATION,6.91,0.3,3,666,No,1
26,female,Associate,59603,middle,7,RENT,20000,HOMEIMPROVEMENT,19.79,0.34,3,642,No,1
25,male,High School,67174,middle,2,RENT,20000,VENTURE,9.88,0.3,4,646,No,1
22,female,Associate,24993,lower,1,MORTGAGE,16600,PERSONAL,9.76,0.66,3,634,Yes,0
23,male,Associate,66844,middle,0,RENT,20000,DEBTCONSOLIDATION,12.53,0.3,2,655,No,1
25,female,Associate,67482,middle,6,RENT,20000,VENTURE,11.01,0.3,4,682,No,1
23,male,High School,24853,lower,0,MORTGAGE,7125,PERSONAL,6.99,0.29,2,631,Yes,0
23,male,Master,69387,middle,2,RENT,20000,EDUCATION,16.89,0.29,2,600,No,1
22,female,High School,62379,middle,0,RENT,20000,PERSONAL,17.49,0.32,4,641,No,1
23,male,Bachelor,24853,lower,0,MORTGAGE,2500,EDUCATION,16.82,0.1,2,524,Yes,0
26,male,Associate,24751,lower,2,MORTGAGE,3600,HOMEIMPROVEMENT,11.01,0.15,2,669,Yes,0
22,female,Associate,70529,middle,1,RENT,20000,DEBTCONSOLIDATION,13.11,0.28,2,593,No,1
23,female,Associate,71255,middle,2,RENT,20000,DEBTCONSOLIDATION,7.66,0.28,3,654,No,1
26,male,Master,71761,middle,3,RENT,20000,MEDICAL,6.17,0.28,3,665,No,1
26,male,Bachelor,64550,middle,8,RENT,20000,PERSONAL,16.35,0.31,4,649,No,1
23,female,Bachelor,72969,middle,1,RENT,20000,MEDICAL,7.9,0.27,2,579,No,1
24,female,Bachelor,66060,middle,4,RENT,20000,VENTURE,16.49,0.3,2,671,No,1
21,male,Bachelor,25666,lower,0,OWN,3550,VENTURE,11.01,0.14,4,693,Yes,0
26,male,Associate,25229,lower,3,MORTGAGE,7000,HOMEIMPROVEMENT,8.0,0.28,2,626,Yes,0
24,female,Master,72762,middle,6,RENT,20000,PERSONAL,10.99,0.27,2,677,No,1
24,male,Master,25451,lower,3,OWN,7750,VENTURE,6.91,0.3,3,594,No,0
25,female,Bachelor,65742,middle,1,RENT,20000,PERSONAL,8.88,0.3,3,592,No,1
24,male,Bachelor,73352,middle,1,RENT,20000,VENTURE,11.01,0.27,4,583,No,1
23,male,Master,65733,middle,0,RENT,20000,DEBTCONSOLIDATION,14.84,0.3,3,592,No,1
23,male,Associate,65802,middle,3,RENT,20000,PERSONAL,11.12,0.3,2,628,No,1
22,male,Bachelor,72562,middle,1,RENT,20000,EDUCATION,7.88,0.28,3,567,No,1
25,female,Associate,73028,middle,1,RENT,20000,EDUCATION,11.01,0.27,2,654,No,1
22,male,Associate,25537,lower,0,MORTGAGE,6000,EDUCATION,15.99,0.23,4,623,No,0
24,male,Associate,25526,lower,1,MORTGAGE,5500,DEBTCONSOLIDATION,10.99,0.22,4,661,Yes,0
25,male,Bachelor,73266,middle,1,RENT,20000,EDUCATION,11.01,0.27,3,658,No,1
25,male,High School,65555,middle,1,RENT,20000,PERSONAL,15.65,0.31,3,667,No,1
24,female,High School,65678,middle,4,RENT,20000,PERSONAL,17.04,0.3,3,602,No,1
23,female,Bachelor,73286,middle,3,RENT,20000,EDUCATION,12.21,0.27,2,687,No,1
21,male,Associate,25416,lower,1,OWN,1275,EDUCATION,15.23,0.05,3,626,Yes,0
25,female,High School,65967,middle,6,RENT,20000,DEBTCONSOLIDATION,14.11,0.3,4,662,No,1
24,female,High School,73202,middle,1,RENT,20000,PERSONAL,11.14,0.27,2,536,No,1
21,male,Associate,25710,lower,0,OWN,2400,MEDICAL,11.49,0.09,4,623,No,0
24,female,Bachelor,73058,middle,3,RENT,20000,PERSONAL,13.87,0.27,4,647,No,1
26,male,High School,72650,middle,3,RENT,20000,HOMEIMPROVEMENT,10.08,0.28,4,606,No,1
23,male,High School,66301,middle,2,RENT,20000,PERSONAL,16.7,0.3,4,645,No,1
24,male,High School,66951,middle,2,RENT,20000,VENTURE,18.64,0.3,2,632,No,1
24,female,Bachelor,73899,middle,0,RENT,20000,HOMEIMPROVEMENT,12.18,0.27,4,634,No,1
22,male,High School,25644,lower,2,OWN,3800,DEBTCONSOLIDATION,11.01,0.15,3,645,No,0
25,female,High School,75578,middle,2,RENT,20000,MEDICAL,6.54,0.26,3,574,No,1
24,male,High School,68349,middle,3,RENT,20000,EDUCATION,14.61,0.29,4,576,No,1
21,female,Bachelor,68120,middle,0,RENT,20000,VENTURE,17.39,0.29,3,664,No,1
24,male,High School,75484,middle,2,RENT,20000,HOMEIMPROVEMENT,11.12,0.26,2,562,No,1
25,female,Bachelor,75802,middle,2,RENT,20000,VENTURE,11.48,0.26,2,637,No,1
25,female,Master,76733,middle,2,RENT,20000,MEDICAL,12.42,0.26,3,656,No,1
26,male,Bachelor,70484,middle,4,RENT,20000,DEBTCONSOLIDATION,10.25,0.28,2,590,No,1
23,female,Bachelor,78886,middle,1,RENT,20000,MEDICAL,10.65,0.25,3,653,No,1
24,female,Associate,25992,lower,3,OWN,5000,PERSONAL,16.29,0.19,3,612,No,0
23,female,Bachelor,79348,middle,0,RENT,20000,MEDICAL,10.37,0.25,2,703,No,1
23,male,Bachelor,78597,middle,1,RENT,20000,VENTURE,11.49,0.25,3,596,No,1
24,male,High School,26216,lower,0,OWN,10000,VENTURE,10.59,0.38,4,586,Yes,0
25,male,Master,26133,lower,4,OWN,5375,VENTURE,13.49,0.21,2,650,Yes,0
26,female,Bachelor,71856,middle,6,RENT,20000,PERSONAL,11.01,0.28,4,610,No,1
23,male,Master,72259,middle,2,RENT,20000,EDUCATION,12.29,0.28,4,650,No,1
21,female,Bachelor,25869,lower,0,MORTGAGE,3500,DEBTCONSOLIDATION,17.27,0.14,2,579,No,1
26,male,Associate,79098,middle,2,RENT,20000,DEBTCONSOLIDATION,11.99,0.25,2,534,No,1
25,female,Associate,71754,middle,4,RENT,20000,PERSONAL,14.84,0.28,2,540,No,1
23,male,High School,71688,middle,0,RENT,20000,DEBTCONSOLIDATION,10.83,0.28,2,584,No,1
23,female,Associate,79539,middle,5,RENT,20000,DEBTCONSOLIDATION,13.22,0.25,2,584,No,1
22,female,High School,81282,middle,1,RENT,20000,EDUCATION,12.18,0.25,2,639,No,0
23,male,Bachelor,81580,middle,1,RENT,20000,MEDICAL,11.11,0.25,2,607,Yes,0
24,female,Master,81639,middle,4,RENT,20000,HOMEIMPROVEMENT,13.48,0.24,2,681,No,0
26,male,High School,82432,middle,6,RENT,20000,EDUCATION,10.75,0.24,4,710,No,0
25,male,High School,82737,middle,4,RENT,20000,PERSONAL,12.53,0.24,4,634,Yes,0
24,male,High School,75890,middle,2,RENT,20000,DEBTCONSOLIDATION,14.84,0.26,4,595,No,1
23,male,Bachelor,84428,middle,1,RENT,20000,VENTURE,17.74,0.24,2,707,Yes,0
25,male,Bachelor,85061,upper,1,RENT,20000,HOMEIMPROVEMENT,9.99,0.24,2,627,Yes,0
22,male,Bachelor,84791,middle,0,RENT,20000,PERSONAL,6.91,0.24,4,592,Yes,0
25,female,Bachelor,77982,middle,6,RENT,20000,HOMEIMPROVEMENT,11.01,0.26,4,699,No,1
25,male,High School,86325,upper,2,RENT,20000,PERSONAL,14.09,0.23,2,566,Yes,0
22,male,High School,26244,lower,0,MORTGAGE,3000,DEBTCONSOLIDATION,11.49,0.11,3,667,Yes,0
23,female,High School,86183,upper,1,RENT,20000,EDUCATION,14.09,0.23,3,638,No,0
23,female,Associate,67625,middle,0,RENT,20000,MEDICAL,15.2,0.3,4,620,No,1
24,male,High School,87261,upper,1,RENT,20000,MEDICAL,11.83,0.23,2,667,Yes,0
24,female,Bachelor,25826,lower,4,OTHER,6000,PERSONAL,12.21,0.23,2,655,No,0
23,male,Associate,80180,middle,0,RENT,20000,VENTURE,14.11,0.25,3,666,No,1
22,male,High School,80179,middle,0,RENT,20000,DEBTCONSOLIDATION,14.42,0.25,2,655,No,1
24,male,High School,87458,upper,3,RENT,20000,HOMEIMPROVEMENT,14.74,0.23,3,604,Yes,0
24,female,Master,89922,upper,0,RENT,20000,HOMEIMPROVEMENT,12.69,0.22,3,672,Yes,0
22,female,Bachelor,26137,lower,0,MORTGAGE,1625,DEBTCONSOLIDATION,16.89,0.06,3,596,No,1
25,male,High School,91179,upper,0,RENT,20000,DEBTCONSOLIDATION,11.01,0.22,4,658,Yes,0
21,male,Associate,26112,lower,0,MORTGAGE,4500,HOMEIMPROVEMENT,11.01,0.17,2,608,No,1
25,male,Bachelor,26559,lower,2,MORTGAGE,8500,VENTURE,9.63,0.32,4,686,Yes,0
24,female,Associate,91001,upper,0,RENT,20000,HOMEIMPROVEMENT,8.88,0.22,3,687,No,0
26,female,Bachelor,90978,upper,3,RENT,20000,MEDICAL,6.91,0.22,4,652,Yes,0
26,female,Bachelor,90805,upper,4,RENT,20000,EDUCATION,11.01,0.22,3,603,No,0
25,female,Associate,91130,upper,0,RENT,20000,PERSONAL,10.38,0.22,3,622,Yes,0
22,male,High School,83759,middle,1,RENT,20000,DEBTCONSOLIDATION,10.99,0.24,4,660,No,1
22,male,Master,91033,upper,1,RENT,20000,VENTURE,11.01,0.22,2,572,Yes,0
21,female,Bachelor,26887,lower,0,MORTGAGE,7575,PERSONAL,11.01,0.28,3,641,Yes,0
26,female,Bachelor,26792,lower,4,OWN,5200,EDUCATION,12.42,0.19,3,674,No,0
24,male,Bachelor,83573,middle,1,RENT,20000,HOMEIMPROVEMENT,14.82,0.24,4,693,No,1
23,female,Bachelor,91541,upper,4,RENT,20000,PERSONAL,16.32,0.22,3,628,No,0
23,female,Associate,72279,middle,2,RENT,20000,MEDICAL,16.0,0.28,3,688,No,1
23,male,Associate,92304,upper,0,RENT,20000,MEDICAL,10.37,0.22,3,635,Yes,0
26,male,Master,85207,upper,2,RENT,20000,DEBTCONSOLIDATION,13.16,0.23,3,662,No,1
24,female,Associate,85232,upper,5,RENT,20000,VENTURE,14.88,0.23,4,652,No,1
22,female,Associate,93127,upper,2,RENT,20000,DEBTCONSOLIDATION,13.98,0.21,4,619,Yes,0
26,male,Master,86320,upper,2,RENT,20000,HOMEIMPROVEMENT,13.36,0.23,2,655,No,1
21,female,High School,26946,lower,0,OWN,7125,VENTURE,6.99,0.26,3,653,No,0
22,female,High School,26711,lower,0,MORTGAGE,4025,EDUCATION,5.42,0.15,4,565,Yes,0
24,male,Bachelor,26769,lower,2,MORTGAGE,8000,MEDICAL,5.42,0.3,2,613,Yes,0
26,female,Bachelor,94812,upper,4,RENT,20000,HOMEIMPROVEMENT,13.85,0.21,4,663,No,0
22,female,Associate,27119,lower,0,MORTGAGE,4000,PERSONAL,12.99,0.15,2,540,Yes,0
26,male,Bachelor,27046,lower,5,OWN,4200,MEDICAL,9.99,0.16,3,598,Yes,0
22,female,Bachelor,26902,lower,4,MORTGAGE,1400,VENTURE,11.01,0.05,2,653,Yes,0
123,male,Bachelor,94723,upper,100,RENT,20000,VENTURE,11.01,0.21,4,714,Yes,0
23,female,High School,74473,middle,0,RENT,20000,MEDICAL,11.14,0.27,2,460,No,1
21,male,Bachelor,27072,lower,0,MORTGAGE,3800,DEBTCONSOLIDATION,5.99,0.14,2,643,No,0
24,female,Master,87447,upper,6,RENT,20000,DEBTCONSOLIDATION,11.01,0.23,4,632,No,1
23,female,High School,94310,upper,0,RENT,20000,VENTURE,11.58,0.21,3,578,No,0
23,male,Master,95354,upper,2,RENT,20000,MEDICAL,13.85,0.21,4,642,Yes,0
23,male,Master,96236,upper,0,RENT,20000,EDUCATION,16.89,0.21,4,688,No,0
23,male,Master,96969,upper,2,RENT,20000,MEDICAL,7.9,0.21,4,696,No,0
23,female,Associate,27201,lower,0,OWN,6000,VENTURE,12.68,0.22,4,527,Yes,0
22,male,Associate,76808,middle,0,RENT,20000,MEDICAL,14.91,0.26,4,611,No,1
24,male,High School,97157,upper,0,RENT,20000,VENTURE,13.06,0.21,4,545,Yes,0
25,male,High School,96773,upper,3,RENT,20000,EDUCATION,8.88,0.21,4,644,Yes,0
23,male,Bachelor,26954,lower,0,MORTGAGE,2000,EDUCATION,6.17,0.07,4,511,Yes,0
22,female,High School,96673,upper,1,RENT,20000,EDUCATION,13.98,0.21,4,616,Yes,0
22,male,High School,26872,lower,3,OWN,8500,VENTURE,6.54,0.32,4,656,No,0
26,male,Bachelor,76420,middle,2,RENT,20000,MEDICAL,13.85,0.26,3,656,No,1
26,female,Associate,27097,lower,2,MORTGAGE,1000,HOMEIMPROVEMENT,10.36,0.04,3,581,Yes,0
25,male,High School,89914,upper,7,RENT,20000,PERSONAL,15.95,0.22,4,477,No,1
25,male,Associate,96778,upper,2,RENT,20000,HOMEIMPROVEMENT,14.26,0.21,4,664,No,0
23,female,High School,97783,upper,0,RENT,20000,MEDICAL,11.71,0.2,2,563,Yes,0
22,female,Bachelor,98255,upper,0,RENT,20000,DEBTCONSOLIDATION,13.49,0.2,4,623,Yes,0
24,male,Master,26747,lower,1,MORTGAGE,2000,DEBTCONSOLIDATION,14.84,0.07,2,704,No,1
22,female,Bachelor,99459,upper,0,RENT,20000,EDUCATION,11.01,0.2,2,691,No,0
23,female,Associate,92036,upper,2,RENT,20000,HOMEIMPROVEMENT,15.05,0.22,4,648,No,1
22,male,Master,93070,upper,0,RENT,20000,EDUCATION,13.79,0.21,4,662,No,1
24,female,High School,101201,upper,6,RENT,20000,EDUCATION,13.48,0.2,3,569,No,0
26,female,Bachelor,26764,lower,4,OWN,3000,VENTURE,6.76,0.11,2,642,No,0
23,male,Master,102232,upper,1,RENT,20000,PERSONAL,11.11,0.2,4,663,Yes,0
25,female,Bachelor,101849,upper,3,RENT,20000,EDUCATION,13.92,0.2,2,627,Yes,0
23,female,Bachelor,26678,lower,1,OWN,4400,EDUCATION,12.53,0.16,2,610,Yes,0
21,male,Bachelor,27041,lower,0,MORTGAGE,10000,DEBTCONSOLIDATION,11.14,0.37,2,534,Yes,0
24,female,Master,95807,upper,5,RENT,20000,HOMEIMPROVEMENT,14.11,0.21,2,678,No,1
23,female,Bachelor,103275,upper,0,RENT,20000,MEDICAL,7.49,0.19,2,597,Yes,0
25,male,High School,103166,upper,3,RENT,20000,DEBTCONSOLIDATION,10.25,0.19,3,653,Yes,0
26,male,Bachelor,88672,upper,2,RENT,20000,PERSONAL,12.53,0.23,2,571,No,1
21,female,High School,27289,lower,0,MORTGAGE,1500,PERSONAL,11.86,0.05,3,659,Yes,0
23,male,Bachelor,27174,lower,0,OWN,9000,VENTURE,7.88,0.33,3,619,Yes,0
25,female,Associate,102975,upper,0,RENT,20000,HOMEIMPROVEMENT,11.01,0.19,2,663,No,0
24,male,Associate,27558,lower,0,MORTGAGE,4000,VENTURE,11.01,0.15,2,621,Yes,0
22,female,Associate,105649,upper,1,RENT,20000,DEBTCONSOLIDATION,13.85,0.19,4,575,Yes,0
23,male,High School,27887,lower,0,OWN,6000,PERSONAL,13.23,0.22,4,477,Yes,0
22,female,Associate,109017,upper,1,RENT,20000,PERSONAL,11.01,0.18,4,639,Yes,0
23,male,High School,94566,upper,1,RENT,20000,HOMEIMPROVEMENT,18.25,0.21,2,611,No,1
24,female,Bachelor,109178,upper,1,RENT,20000,DEBTCONSOLIDATION,6.54,0.18,3,630,No,0
23,male,Master,108836,upper,0,RENT,20000,MEDICAL,11.49,0.18,4,560,Yes,0
26,male,Master,109089,upper,5,RENT,20000,MEDICAL,11.49,0.18,3,537,Yes,0
22,female,Bachelor,27472,lower,1,MORTGAGE,7000,EDUCATION,11.71,0.25,2,694,No,0
23,male,Master,109061,upper,0,RENT,20000,DEBTCONSOLIDATION,13.57,0.18,4,657,Yes,0
25,male,High School,110319,upper,1,RENT,20000,EDUCATION,14.35,0.18,3,572,Yes,0
26,male,Bachelor,27309,lower,1,MORTGAGE,3825,DEBTCONSOLIDATION,10.65,0.14,4,618,Yes,0
22,female,Bachelor,111365,upper,1,RENT,20000,VENTURE,15.65,0.18,2,649,No,0
22,male,Associate,27358,lower,0,MORTGAGE,6500,VENTURE,11.01,0.24,4,496,Yes,0
25,female,Bachelor,27570,lower,0,MORTGAGE,5875,EDUCATION,6.62,0.21,2,680,No,1
25,male,Associate,111834,upper,1,RENT,20000,MEDICAL,9.25,0.18,2,606,Yes,0
22,male,High School,27122,lower,2,MORTGAGE,2400,MEDICAL,11.71,0.09,3,612,Yes,0
24,male,Bachelor,27730,lower,0,MORTGAGE,8000,PERSONAL,5.42,0.29,4,477,Yes,0
26,female,Bachelor,113057,upper,0,RENT,20000,DEBTCONSOLIDATION,9.45,0.18,4,606,Yes,0
23,male,Bachelor,27666,lower,0,MORTGAGE,1550,DEBTCONSOLIDATION,7.49,0.06,2,658,No,1
22,male,Associate,114267,upper,0,RENT,20000,PERSONAL,11.01,0.18,2,602,Yes,0
23,male,Bachelor,100420,upper,4,RENT,20000,DEBTCONSOLIDATION,11.01,0.2,2,571,No,1
23,male,High School,115130,upper,4,RENT,20000,EDUCATION,10.99,0.17,2,701,No,0
24,female,Bachelor,114976,upper,3,RENT,20000,HOMEIMPROVEMENT,11.01,0.17,3,665,No,0
21,male,Bachelor,27648,lower,0,OWN,7350,VENTURE,7.66,0.27,2,635,Yes,0
23,female,Bachelor,116295,upper,0,RENT,20000,MEDICAL,13.04,0.17,3,643,Yes,0
22,male,Associate,27385,lower,3,MORTGAGE,7200,PERSONAL,7.14,0.26,2,636,No,0
22,female,Associate,103798,upper,0,RENT,20000,VENTURE,15.65,0.19,4,645,No,1
22,female,Bachelor,118565,upper,0,RENT,20000,EDUCATION,11.83,0.17,4,575,Yes,0
24,female,Bachelor,27463,lower,0,OWN,3000,DEBTCONSOLIDATION,16.0,0.11,2,647,Yes,0
23,male,Associate,120368,upper,0,RENT,20000,EDUCATION,15.28,0.17,4,569,Yes,0
21,female,Bachelor,27493,lower,2,OWN,4000,DEBTCONSOLIDATION,15.05,0.15,4,528,No,0
22,male,Master,27178,lower,0,OWN,8500,DEBTCONSOLIDATION,15.05,0.31,4,626,No,0
24,female,Master,120691,upper,2,RENT,20000,HOMEIMPROVEMENT,14.22,0.17,3,664,No,0
25,female,High School,106741,upper,1,RENT,20000,HOMEIMPROVEMENT,16.35,0.19,3,650,No,1
26,male,Associate,27124,lower,2,OWN,7500,VENTURE,10.96,0.28,2,600,Yes,0
25,female,High School,121016,upper,0,RENT,20000,HOMEIMPROVEMENT,13.06,0.17,2,672,No,0
25,male,Bachelor,120866,upper,1,RENT,20000,HOMEIMPROVEMENT,13.06,0.17,2,563,Yes,0
25,female,Bachelor,27635,lower,2,OWN,7500,VENTURE,11.01,0.27,3,665,No,0
23,female,High School,27475,lower,4,MORTGAGE,6700,EDUCATION,11.01,0.24,4,605,Yes,0
22,male,High School,90648,upper,0,RENT,20000,MEDICAL,14.96,0.22,4,653,No,1
23,male,Associate,90887,upper,2,RENT,20000,MEDICAL,17.04,0.22,2,685,No,1
22,male,Bachelor,121236,upper,0,RENT,20000,PERSONAL,12.21,0.16,3,580,Yes,0
25,male,Associate,27780,lower,1,MORTGAGE,6400,PERSONAL,7.88,0.23,4,672,Yes,0
26,male,Master,27364,lower,0,OWN,5400,PERSONAL,5.42,0.2,3,646,No,0
26,male,Bachelor,125803,upper,6,RENT,20000,DEBTCONSOLIDATION,10.74,0.16,2,636,Yes,0
23,female,Associate,112700,upper,0,RENT,20000,PERSONAL,13.22,0.18,3,559,No,1
23,female,Bachelor,114961,upper,1,RENT,20000,DEBTCONSOLIDATION,14.59,0.17,2,654,No,1
25,male,Associate,130715,upper,5,RENT,20000,HOMEIMPROVEMENT,11.01,0.15,4,632,No,0
25,male,Bachelor,117215,upper,2,RENT,20000,PERSONAL,11.01,0.17,3,672,No,1
23,male,High School,132975,upper,1,RENT,20000,EDUCATION,12.42,0.15,3,630,No,0
22,male,Bachelor,132669,upper,0,RENT,20000,EDUCATION,14.17,0.15,3,476,Yes,0
22,female,High School,132809,upper,0,RENT,20000,DEBTCONSOLIDATION,13.72,0.15,3,691,Yes,0
24,male,Associate,133069,upper,2,RENT,20000,PERSONAL,10.38,0.15,4,672,Yes,0
23,male,Associate,133031,upper,0,RENT,20000,VENTURE,11.01,0.15,2,709,No,0
22,female,Associate,28529,lower,1,MORTGAGE,2000,PERSONAL,7.51,0.07,3,521,Yes,0
22,female,Associate,28518,lower,0,MORTGAGE,7125,HOMEIMPROVEMENT,11.71,0.25,3,564,No,1
23,male,High School,28149,lower,0,MORTGAGE,3000,PERSONAL,8.9,0.11,2,626,No,1
25,female,Master,103168,upper,1,RENT,20000,MEDICAL,17.39,0.19,2,662,No,1
23,female,Bachelor,28372,lower,0,MORTGAGE,4800,PERSONAL,5.79,0.17,2,667,No,0
22,male,High School,28527,lower,2,MORTGAGE,8300,PERSONAL,12.61,0.29,2,690,No,1
23,male,High School,145007,upper,1,RENT,20000,MEDICAL,10.37,0.14,4,628,Yes,0
24,male,Bachelor,27861,lower,0,OWN,4750,HOMEIMPROVEMENT,11.36,0.17,3,562,Yes,0
24,female,Associate,146157,upper,0,RENT,20000,VENTURE,8.9,0.14,3,670,No,0
23,female,Associate,150985,upper,0,RENT,20000,VENTURE,11.11,0.13,4,602,No,0
22,male,High School,28613,lower,0,MORTGAGE,3000,EDUCATION,8.94,0.1,2,595,Yes,0
25,male,Associate,157396,upper,3,RENT,20000,PERSONAL,15.27,0.13,2,687,No,0
26,female,Bachelor,156668,upper,3,RENT,20000,DEBTCONSOLIDATION,13.11,0.13,4,668,Yes,0
23,male,Bachelor,28773,lower,0,MORTGAGE,6000,EDUCATION,16.0,0.21,2,657,Yes,0
24,female,High School,160903,upper,0,RENT,20000,EDUCATION,12.36,0.12,2,527,Yes,0
22,male,Associate,28257,lower,0,MORTGAGE,10625,DEBTCONSOLIDATION,7.51,0.38,4,524,Yes,0
21,female,High School,28410,lower,0,MORTGAGE,7000,MEDICAL,8.9,0.25,3,606,Yes,0
25,male,Master,168862,upper,0,RENT,20000,EDUCATION,6.54,0.12,4,546,Yes,0
24,female,Master,166817,upper,2,RENT,20000,VENTURE,15.99,0.12,3,681,No,1
23,male,High School,28492,lower,2,MORTGAGE,3600,HOMEIMPROVEMENT,17.27,0.13,3,502,No,1
26,male,Master,178602,upper,6,RENT,20000,DEBTCONSOLIDATION,17.99,0.11,3,604,No,1
22,male,Bachelor,193248,upper,0,RENT,20000,PERSONAL,7.49,0.1,4,599,Yes,0
22,male,Associate,27969,lower,0,MORTGAGE,4800,DEBTCONSOLIDATION,10.0,0.17,4,644,Yes,0
26,female,High School,193076,upper,4,RENT,20000,HOMEIMPROVEMENT,9.99,0.1,3,660,Yes,0
26,female,Bachelor,202337,upper,2,RENT,20000,VENTURE,11.36,0.1,4,652,No,0
26,female,Bachelor,208059,upper,4,RENT,20000,HOMEIMPROVEMENT,11.83,0.1,2,615,No,0
21,female,Bachelor,28786,lower,0,MORTGAGE,3000,DEBTCONSOLIDATION,13.35,0.1,3,638,Yes,0
25,male,Bachelor,210999,upper,2,RENT,20000,DEBTCONSOLIDATION,14.72,0.09,2,680,Yes,0
25,male,High School,28595,lower,2,MORTGAGE,4400,HOMEIMPROVEMENT,6.76,0.15,2,611,No,0
25,female,Associate,70930,middle,0,RENT,19900,MEDICAL,11.83,0.28,4,578,No,1
26,female,Master,140072,upper,0,RENT,19800,MEDICAL,11.48,0.14,4,617,Yes,0
26,male,Master,24756,lower,8,RENT,500,MEDICAL,11.41,0.02,2,659,No,0
25,male,High School,28644,lower,4,MORTGAGE,10000,PERSONAL,11.01,0.35,2,570,No,1
21,female,Bachelor,23899,lower,1,RENT,700,EDUCATION,12.29,0.03,2,658,Yes,0
22,female,Master,28752,lower,0,MORTGAGE,7000,EDUCATION,14.96,0.24,3,484,Yes,0
25,male,High School,23980,lower,6,RENT,750,DEBTCONSOLIDATION,12.29,0.03,4,645,Yes,0
23,male,Associate,13059,lower,0,RENT,1000,PERSONAL,10.37,0.08,2,541,No,1
22,female,High School,13021,lower,1,RENT,1000,HOMEIMPROVEMENT,14.74,0.08,4,610,No,1
21,female,Master,13197,lower,1,RENT,1000,HOMEIMPROVEMENT,13.43,0.08,4,722,No,1
22,male,High School,29111,lower,0,MORTGAGE,2400,EDUCATION,9.63,0.08,4,668,No,0
21,male,Associate,28319,lower,0,OTHER,2400,EDUCATION,12.21,0.08,4,628,Yes,0
23,female,Master,13817,lower,1,RENT,1000,MEDICAL,10.25,0.07,2,667,No,1
22,male,Associate,14763,lower,0,RENT,1000,MEDICAL,12.99,0.07,4,540,Yes,0
22,female,Bachelor,15248,lower,0,RENT,1000,VENTURE,13.98,0.07,4,547,Yes,0
23,female,Bachelor,15553,lower,3,RENT,1000,DEBTCONSOLIDATION,14.65,0.06,3,602,Yes,0
25,male,Bachelor,15255,lower,2,RENT,1000,EDUCATION,10.65,0.07,2,611,No,0
21,male,Associate,14997,lower,0,RENT,1000,EDUCATION,13.98,0.07,2,669,Yes,0
22,male,High School,15102,lower,1,RENT,1000,PERSONAL,13.57,0.07,3,559,No,1
22,female,Bachelor,16077,lower,3,RENT,1000,PERSONAL,14.96,0.06,3,642,No,1
24,male,Bachelor,17683,lower,0,RENT,1000,DEBTCONSOLIDATION,10.0,0.06,4,562,No,1
21,male,High School,18221,lower,0,RENT,1000,VENTURE,16.29,0.05,4,559,No,1
23,female,Bachelor,28684,lower,1,OWN,2000,VENTURE,11.11,0.07,3,591,No,0
21,female,High School,28348,lower,0,OWN,5000,VENTURE,11.01,0.18,3,506,Yes,0
22,male,Associate,18290,lower,2,RENT,1000,VENTURE,16.69,0.05,3,623,No,1
21,male,Associate,28367,lower,0,OWN,15000,EDUCATION,8.94,0.53,2,600,Yes,0
22,male,Associate,18923,lower,0,RENT,1000,MEDICAL,14.3,0.05,3,599,No,1
21,male,Bachelor,20259,lower,0,RENT,1000,VENTURE,15.65,0.05,3,604,No,1
24,male,Bachelor,21414,lower,3,RENT,1000,VENTURE,11.49,0.05,3,619,Yes,0
22,female,Associate,20953,lower,0,RENT,1000,EDUCATION,13.48,0.05,4,665,Yes,0
24,male,Bachelor,24085,lower,3,RENT,1000,EDUCATION,12.53,0.04,4,655,Yes,0
23,female,High School,48233,middle,2,RENT,19000,EDUCATION,10.62,0.39,2,606,No,1
22,male,Associate,48844,middle,0,RENT,19000,VENTURE,12.18,0.39,3,562,No,1
25,female,Master,57272,middle,1,RENT,19000,MEDICAL,11.99,0.33,2,648,No,1
25,male,Bachelor,61342,middle,1,RENT,19000,HOMEIMPROVEMENT,10.99,0.31,4,645,No,1
25,male,Bachelor,63600,middle,0,RENT,19000,MEDICAL,11.01,0.3,4,610,No,1
24,male,High School,29212,lower,1,MORTGAGE,7000,DEBTCONSOLIDATION,10.38,0.24,3,607,Yes,0
26,male,High School,57891,middle,2,RENT,19000,PERSONAL,16.7,0.33,4,649,No,1
25,male,Bachelor,65799,middle,2,RENT,19000,DEBTCONSOLIDATION,11.01,0.29,4,640,No,1
22,male,Master,66071,middle,0,RENT,19000,VENTURE,11.01,0.29,4,664,No,1
23,female,Associate,66303,middle,3,RENT,19000,PERSONAL,11.14,0.29,2,611,No,1
26,male,Bachelor,75656,middle,7,RENT,19000,MEDICAL,7.49,0.25,2,621,No,1
22,female,High School,84974,middle,1,RENT,19000,MEDICAL,8.88,0.22,4,589,Yes,0
23,female,Master,87479,upper,3,RENT,19000,MEDICAL,10.99,0.22,4,671,Yes,0
24,female,Bachelor,88452,upper,0,RENT,19000,HOMEIMPROVEMENT,10.62,0.21,3,653,No,0
23,male,Bachelor,94830,upper,0,RENT,19000,VENTURE,8.9,0.2,2,642,Yes,0
25,female,Bachelor,29498,lower,6,MORTGAGE,6000,MEDICAL,14.59,0.2,2,664,No,1
22,male,Bachelor,29756,lower,1,OWN,2500,VENTURE,9.91,0.08,2,592,Yes,0
26,male,Associate,116006,upper,3,RENT,19000,PERSONAL,13.22,0.16,2,663,No,0
24,male,High School,126727,upper,0,RENT,19000,HOMEIMPROVEMENT,12.29,0.15,2,582,Yes,0
24,female,High School,210705,upper,0,RENT,19000,PERSONAL,11.48,0.09,3,655,No,0
26,male,Bachelor,61142,middle,1,RENT,18950,PERSONAL,11.01,0.31,3,632,No,1
26,female,Associate,67267,middle,2,RENT,18800,DEBTCONSOLIDATION,6.99,0.28,2,505,No,1
22,female,Bachelor,84840,middle,4,RENT,18750,DEBTCONSOLIDATION,10.38,0.22,2,661,Yes,0
22,male,Bachelor,44761,middle,0,RENT,18725,VENTURE,6.54,0.42,3,667,No,1
22,male,High School,52878,middle,0,RENT,18550,DEBTCONSOLIDATION,11.83,0.35,4,694,No,1
24,male,Associate,29659,lower,4,OWN,7100,VENTURE,12.42,0.24,3,641,No,0
24,male,Bachelor,42042,middle,0,RENT,18500,MEDICAL,10.71,0.44,2,640,No,1
21,male,Associate,44065,middle,0,RENT,18500,EDUCATION,10.91,0.42,3,690,No,1
22,male,Master,46436,middle,0,RENT,18500,MEDICAL,7.66,0.4,4,673,No,1
25,female,High School,67957,middle,6,RENT,18500,DEBTCONSOLIDATION,13.61,0.27,3,619,No,1
23,male,Associate,90359,upper,3,RENT,18500,EDUCATION,11.26,0.2,3,697,Yes,0
25,male,Associate,90794,upper,1,RENT,18500,EDUCATION,7.49,0.2,3,608,Yes,0
24,male,Master,88481,upper,1,RENT,18500,HOMEIMPROVEMENT,7.9,0.21,2,605,No,1
22,female,Bachelor,29833,lower,1,OWN,8000,MEDICAL,9.91,0.27,2,592,No,0
21,male,Associate,29833,lower,0,MORTGAGE,3000,VENTURE,7.9,0.1,4,642,Yes,0
24,male,Bachelor,94624,upper,1,RENT,18500,VENTURE,15.33,0.2,2,692,No,1
26,male,High School,174957,upper,3,RENT,18500,EDUCATION,12.87,0.11,3,584,No,0
22,male,Associate,29781,lower,2,MORTGAGE,5000,EDUCATION,7.9,0.17,2,598,Yes,0
22,female,Associate,59476,middle,3,RENT,18400,PERSONAL,13.16,0.31,2,653,No,1
22,female,Bachelor,61014,middle,0,RENT,18400,DEBTCONSOLIDATION,9.99,0.3,2,649,No,1
23,male,High School,145076,upper,0,RENT,18400,PERSONAL,8.9,0.13,2,674,Yes,0
22,male,High School,29823,lower,0,MORTGAGE,5000,VENTURE,14.65,0.17,4,655,No,1
25,female,High School,29628,lower,0,MORTGAGE,6000,DEBTCONSOLIDATION,13.49,0.2,3,636,Yes,0
22,female,High School,42149,middle,1,RENT,18250,VENTURE,10.25,0.43,3,571,No,1
24,female,Bachelor,42910,middle,1,RENT,18250,PERSONAL,11.49,0.43,4,631,No,1
25,female,Master,42253,middle,3,RENT,18250,VENTURE,17.04,0.43,3,587,No,1
23,male,Master,52308,middle,0,RENT,18250,MEDICAL,10.25,0.35,3,657,No,1
22,male,Master,29875,lower,0,MORTGAGE,1300,VENTURE,5.42,0.04,3,687,No,0
22,female,Bachelor,45672,middle,0,RENT,18250,PERSONAL,14.61,0.4,2,561,No,1
24,female,High School,56134,middle,0,RENT,18250,VENTURE,13.35,0.33,4,684,No,1
25,female,Bachelor,29750,lower,0,MORTGAGE,5800,DEBTCONSOLIDATION,5.99,0.19,3,639,No,0
23,female,High School,56040,middle,0,RENT,18250,PERSONAL,10.75,0.33,2,590,No,1
25,female,Bachelor,56207,middle,0,RENT,18250,DEBTCONSOLIDATION,14.26,0.32,3,610,No,1
25,female,High School,67109,middle,1,RENT,18250,VENTURE,17.56,0.27,2,594,No,1
25,male,Associate,59820,middle,1,RENT,18250,VENTURE,14.83,0.31,3,609,No,1
22,female,High School,60829,middle,1,RENT,18250,DEBTCONSOLIDATION,16.7,0.3,3,633,No,1
23,female,Associate,60902,middle,0,RENT,18225,VENTURE,10.74,0.3,2,685,No,1
26,female,Associate,53842,middle,3,RENT,18225,HOMEIMPROVEMENT,14.91,0.34,4,663,No,1
24,female,High School,43839,middle,1,RENT,18200,VENTURE,8.88,0.42,4,562,No,1
25,male,Associate,44695,middle,3,RENT,18200,PERSONAL,9.91,0.41,4,647,No,1
22,male,Associate,44500,middle,0,RENT,18200,DEBTCONSOLIDATION,11.71,0.41,3,601,No,1
24,male,Bachelor,66842,middle,3,RENT,18200,EDUCATION,10.99,0.27,2,639,No,1
23,male,Associate,33227,lower,0,RENT,18000,VENTURE,11.54,0.54,4,679,No,1
23,female,Bachelor,29733,lower,0,OWN,8000,EDUCATION,15.62,0.27,2,639,No,0
23,female,Bachelor,41153,middle,3,RENT,18000,VENTURE,9.91,0.44,4,662,No,1
21,female,Bachelor,44105,middle,0,RENT,18000,PERSONAL,9.88,0.41,3,654,No,1
21,male,Bachelor,38061,middle,1,RENT,18000,EDUCATION,13.48,0.47,4,693,No,1
23,male,Master,48706,middle,0,RENT,18000,EDUCATION,9.25,0.37,4,662,No,1
25,male,Master,48986,middle,3,RENT,18000,MEDICAL,13.11,0.37,3,675,No,1
22,female,High School,29645,lower,0,MORTGAGE,5000,DEBTCONSOLIDATION,10.99,0.17,4,624,Yes,0
25,female,Bachelor,51103,middle,4,RENT,18000,VENTURE,6.17,0.35,2,642,No,1
24,female,Associate,30073,lower,2,MORTGAGE,8000,MEDICAL,5.99,0.27,4,689,Yes,0
24,male,Bachelor,29678,lower,1,OWN,2400,EDUCATION,7.49,0.08,2,603,Yes,0
24,female,High School,52304,middle,0,RENT,18000,DEBTCONSOLIDATION,11.03,0.34,2,487,No,1
24,female,High School,52468,middle,4,RENT,18000,MEDICAL,7.9,0.34,2,608,No,1
22,female,High School,53665,middle,0,RENT,18000,EDUCATION,13.57,0.34,4,664,No,1
24,female,Master,53603,middle,0,RENT,18000,VENTURE,12.18,0.34,2,660,No,1
25,female,Associate,47902,middle,2,RENT,18000,MEDICAL,17.19,0.38,3,654,No,1
22,male,High School,57121,middle,0,RENT,18000,MEDICAL,15.23,0.32,2,672,No,1
22,male,High School,58364,middle,0,RENT,18000,EDUCATION,11.01,0.31,2,591,No,1
24,male,Associate,51764,middle,0,RENT,18000,HOMEIMPROVEMENT,14.46,0.35,3,618,No,1
24,female,Bachelor,29776,lower,4,OWN,4200,VENTURE,6.99,0.14,3,614,Yes,0
24,female,Bachelor,53028,middle,2,RENT,18000,DEBTCONSOLIDATION,16.63,0.34,2,709,No,1
24,female,Master,61117,middle,0,RENT,18000,MEDICAL,12.42,0.29,4,674,No,1
24,female,Bachelor,61070,middle,1,RENT,18000,VENTURE,7.9,0.29,4,628,No,1
23,female,Bachelor,29966,lower,1,MORTGAGE,5000,MEDICAL,15.99,0.17,2,673,No,1
23,female,Bachelor,29640,lower,3,OWN,4200,PERSONAL,10.99,0.14,4,595,Yes,0
26,female,High School,60841,middle,7,RENT,18000,EDUCATION,13.11,0.3,3,651,No,1
22,female,High School,60669,middle,0,RENT,18000,VENTURE,13.79,0.3,2,618,No,1
22,male,Master,29540,lower,0,OWN,2500,EDUCATION,10.59,0.08,2,620,Yes,0
22,female,Master,63084,middle,0,RENT,18000,EDUCATION,11.01,0.29,4,641,No,1
22,female,Master,29906,lower,0,OWN,6000,MEDICAL,12.68,0.2,4,638,No,0
25,male,Bachelor,63657,middle,4,RENT,18000,VENTURE,12.98,0.28,4,572,No,1
22,female,Master,63459,middle,2,RENT,18000,VENTURE,13.85,0.28,4,683,No,1
25,male,Associate,63913,middle,3,RENT,18000,VENTURE,12.21,0.28,2,647,No,1
22,female,Bachelor,57005,middle,0,RENT,18000,DEBTCONSOLIDATION,10.71,0.32,3,554,No,1
24,female,High School,58556,middle,0,RENT,18000,PERSONAL,6.54,0.31,2,634,No,1
23,male,High School,30483,lower,0,OWN,8000,PERSONAL,5.79,0.26,3,574,Yes,0
